"","Year","Name","Lg","Team","Vote_PTS","First_Place","BS_G","AB","R","BS_H","BS_HR","BS_BB","OPS","WHIP","PS_G","GS","PS_H","PS_HR","PS_BB","WAR","BA","OBP","SLG","HR","RBI","SB","W","L","SV","ERA","IP","SO","Pitcher"
"1",1911,"Ty Cobb","AL","DET",64,8,146,592,148,248,8,44,1.086,NA,NA,NA,NA,NA,NA,10.7,0.419,0.466,0.62,8,127,83,NA,NA,NA,NA,NA,NA,FALSE
"2",1911,"Frank Schulte","NL","CHC",29,NA,154,577,105,173,21,76,0.918,NA,NA,NA,NA,NA,NA,5.2,0.3,0.384,0.534,21,107,23,NA,NA,NA,NA,NA,NA,FALSE
"3",1912,"Tris Speaker","AL","BOS",59,NA,153,580,136,222,10,82,1.031,NA,NA,NA,NA,NA,NA,10.2,0.383,0.464,0.567,10,90,52,NA,NA,NA,NA,NA,NA,FALSE
"4",1912,"Larry Doyle","NL","NYG",48,NA,143,558,98,184,10,56,0.864,NA,NA,NA,NA,NA,NA,5,0.33,0.393,0.471,10,91,36,NA,NA,NA,NA,NA,NA,FALSE
"5",1913,"Walter Johnson","AL","WSH",54,NA,55,134,12,35,2,5,0.726,0.78,48,36,232,9,38,16.6,0.261,0.293,0.433,2,14,2,36,7,2,1.14,346,243,TRUE
"6",1913,"Jake Daubert","NL","BRO",50,NA,139,508,76,178,2,44,0.829,NA,NA,NA,NA,NA,NA,4,0.35,0.405,0.423,2,52,25,NA,NA,NA,NA,NA,NA,FALSE
"7",1914,"Eddie Collins","AL","PHA",63,7,152,526,122,181,2,97,0.904,NA,NA,NA,NA,NA,NA,9.1,0.344,0.452,0.452,2,85,58,NA,NA,NA,NA,NA,NA,FALSE
"8",1914,"Johnny Evers","NL","BSN",50,NA,139,491,81,137,1,87,0.728,NA,NA,NA,NA,NA,NA,4.9,0.279,0.39,0.338,1,40,12,NA,NA,NA,NA,NA,NA,FALSE
"9",1922,"George Sisler","AL","SLB",59,NA,142,586,134,246,8,49,1.061,NA,NA,NA,NA,NA,NA,8.7,0.42,0.467,0.594,8,105,51,NA,NA,NA,NA,NA,NA,FALSE
"10",1923,"Babe Ruth","AL","NYY",64,8,152,522,151,205,41,170,1.309,NA,NA,NA,NA,NA,NA,14.1,0.393,0.545,0.764,41,130,17,NA,NA,NA,NA,NA,NA,FALSE
"11",1924,"Walter Johnson","AL","WSH",55,NA,39,113,18,32,1,3,0.697,1.116,38,38,233,10,77,7.5,0.283,0.308,0.389,1,14,0,23,7,0,2.72,277.2,158,TRUE
"12",1924,"Dazzy Vance","NL","BRO",74,NA,35,106,7,16,2,10,0.438,1.022,35,34,238,11,77,10.3,0.151,0.231,0.208,2,11,0,28,6,0,2.16,308.1,262,TRUE
"13",1925,"Roger Peckinpaugh","AL","WSH",45,NA,126,422,67,124,4,49,0.746,NA,NA,NA,NA,NA,NA,2.7,0.294,0.367,0.379,4,64,13,NA,NA,NA,NA,NA,NA,FALSE
"14",1925,"Rogers Hornsby","NL","STL",73,NA,138,504,133,203,39,83,1.245,NA,NA,NA,NA,NA,NA,10.2,0.403,0.489,0.756,39,143,5,NA,NA,NA,NA,NA,NA,FALSE
"15",1926,"George Burns","AL","CLE",63,NA,151,603,97,216,4,28,0.889,NA,NA,NA,NA,NA,NA,5.2,0.358,0.394,0.494,4,115,13,NA,NA,NA,NA,NA,NA,FALSE
"16",1926,"Bob O'Farrell","NL","STL",79,NA,147,492,63,144,7,61,0.804,NA,NA,NA,NA,NA,NA,3.9,0.293,0.371,0.433,7,68,1,NA,NA,NA,NA,NA,NA,FALSE
"17",1927,"Lou Gehrig","AL","NYY",56,7,155,584,149,218,47,109,1.24,NA,NA,NA,NA,NA,NA,11.9,0.373,0.474,0.765,47,173,10,NA,NA,NA,NA,NA,NA,FALSE
"18",1927,"Paul Waner","NL","PIT",72,NA,155,623,114,237,9,60,0.986,NA,NA,NA,NA,NA,NA,7.1,0.38,0.437,0.549,9,131,5,NA,NA,NA,NA,NA,NA,FALSE
"19",1928,"Mickey Cochrane","AL","PHA",53,NA,131,468,92,137,10,76,0.859,NA,NA,NA,NA,NA,NA,3.4,0.293,0.395,0.464,10,57,7,NA,NA,NA,NA,NA,NA,FALSE
"20",1928,"Jim Bottomley","NL","STL",76,NA,149,576,123,187,31,71,1.03,NA,NA,NA,NA,NA,NA,5.6,0.325,0.402,0.628,31,136,10,NA,NA,NA,NA,NA,NA,FALSE
"21",1929,"Lew Fonseca","AL","CLE",77,2,148,566,97,209,6,50,0.959,NA,NA,NA,NA,NA,NA,5.6,0.369,0.427,0.532,6,103,19,NA,NA,NA,NA,NA,NA,FALSE
"22",1929,"Rogers Hornsby","NL","CHC",60,3,156,602,156,229,39,87,1.139,NA,NA,NA,NA,NA,NA,10.6,0.38,0.459,0.679,39,149,2,NA,NA,NA,NA,NA,NA,FALSE
"23",1930,"Joe Cronin","AL","WSH",100,3,154,587,127,203,13,72,0.934,NA,NA,NA,NA,NA,NA,8.5,0.346,0.422,0.513,13,126,17,NA,NA,NA,NA,NA,NA,FALSE
"24",1930,"Hack Wilson","NL","CHC",111,3,155,585,146,208,56,105,1.177,NA,NA,NA,NA,NA,NA,7.4,0.356,0.454,0.723,56,191,3,NA,NA,NA,NA,NA,NA,FALSE
"25",1931,"Lefty Grove","AL","PHA",78,NA,41,115,8,23,0,3,0.446,1.077,41,30,249,10,62,10,0.2,0.22,0.226,0,12,0,31,4,5,2.06,288.2,175,TRUE
"26",1931,"Frankie Frisch","NL","STL",65,NA,131,518,96,161,4,45,0.764,NA,NA,NA,NA,NA,NA,3.9,0.311,0.368,0.396,4,82,28,NA,NA,NA,NA,NA,NA,FALSE
"27",1932,"Jimmie Foxx","AL","PHA",75,5,154,585,151,213,58,116,1.218,NA,NA,NA,NA,NA,NA,10.4,0.364,0.469,0.749,58,169,3,NA,NA,NA,NA,NA,NA,FALSE
"28",1932,"Chuck Klein","NL","PHI",78,6,154,650,152,226,38,60,1.05,NA,NA,NA,NA,NA,NA,7.5,0.348,0.404,0.646,38,137,20,NA,NA,NA,NA,NA,NA,FALSE
"29",1933,"Jimmie Foxx","AL","PHA",74,4,149,573,125,204,48,96,1.153,NA,NA,NA,NA,NA,NA,9,0.356,0.449,0.703,48,163,2,NA,NA,NA,NA,NA,NA,FALSE
"30",1933,"Carl Hubbell","NL","NYG",77,NA,45,109,6,20,1,2,0.446,0.982,45,33,256,6,47,9,0.183,0.198,0.248,1,12,0,23,12,5,1.66,308.2,156,TRUE
"31",1934,"Mickey Cochrane","AL","DET",67,NA,129,437,74,140,2,78,0.84,NA,NA,NA,NA,NA,NA,4.5,0.32,0.428,0.412,2,75,8,NA,NA,NA,NA,NA,NA,FALSE
"32",1934,"Dizzy Dean","NL","STL",78,6,51,118,15,29,2,1,0.591,1.165,50,33,288,14,75,9.5,0.246,0.252,0.339,2,9,1,30,7,7,2.66,311.2,195,TRUE
"33",1935,"Hank Greenberg","AL","DET",80,8,152,619,120,203,36,87,1.039,NA,NA,NA,NA,NA,NA,7.5,0.328,0.411,0.628,36,168,4,NA,NA,NA,NA,NA,NA,FALSE
"34",1935,"Gabby Hartnett","NL","CHC",75,NA,116,413,67,142,13,41,0.949,NA,NA,NA,NA,NA,NA,4.9,0.344,0.404,0.545,13,91,1,NA,NA,NA,NA,NA,NA,FALSE
"35",1936,"Lou Gehrig","AL","NYY",73,4,155,579,167,205,49,130,1.174,NA,NA,NA,NA,NA,NA,9.7,0.354,0.478,0.696,49,152,3,NA,NA,NA,NA,NA,NA,FALSE
"36",1936,"Carl Hubbell","NL","NYG",60,6,42,110,9,25,0,3,0.484,1.059,42,34,265,7,57,10.1,0.227,0.248,0.236,0,8,0,26,6,3,2.31,304,123,TRUE
"37",1937,"Charlie Gehringer","AL","DET",78,6,144,564,133,209,14,90,0.978,NA,NA,NA,NA,NA,NA,7.8,0.371,0.458,0.52,14,96,11,NA,NA,NA,NA,NA,NA,FALSE
"38",1937,"Joe Medwick","NL","STL",70,2,156,633,111,237,31,41,1.056,NA,NA,NA,NA,NA,NA,8.4,0.374,0.414,0.641,31,154,4,NA,NA,NA,NA,NA,NA,FALSE
"39",1938,"Jimmie Foxx","AL","BOS",305,19,149,565,139,197,50,119,1.166,NA,NA,NA,NA,NA,NA,7.5,0.349,0.462,0.704,50,175,5,NA,NA,NA,NA,NA,NA,FALSE
"40",1938,"Ernie Lombardi","NL","CIN",229,10,129,489,60,167,19,40,0.915,NA,NA,NA,NA,NA,NA,4.8,0.342,0.391,0.524,19,95,0,NA,NA,NA,NA,NA,NA,FALSE
"41",1939,"Joe DiMaggio","AL","NYY",280,15,120,462,108,176,30,52,1.119,NA,NA,NA,NA,NA,NA,8.3,0.381,0.448,0.671,30,126,3,NA,NA,NA,NA,NA,NA,FALSE
"42",1939,"Bucky Walters","NL","CIN",303,18,40,120,16,39,1,5,0.79,1.125,39,36,250,15,109,9.8,0.325,0.357,0.433,1,16,1,27,11,0,2.29,319,137,TRUE
"43",1940,"Hank Greenberg","AL","DET",292,16,148,573,129,195,41,93,1.103,NA,NA,NA,NA,NA,NA,6.8,0.34,0.433,0.67,41,150,6,NA,NA,NA,NA,NA,NA,FALSE
"44",1940,"Frank McCormick","NL","CIN",274,16,155,618,93,191,19,52,0.85,NA,NA,NA,NA,NA,NA,5.3,0.309,0.367,0.482,19,127,2,NA,NA,NA,NA,NA,NA,FALSE
"45",1941,"Joe DiMaggio","AL","NYY",291,15,139,541,122,193,30,76,1.083,NA,NA,NA,NA,NA,NA,9.3,0.357,0.44,0.643,30,125,4,NA,NA,NA,NA,NA,NA,FALSE
"46",1941,"Dolph Camilli","NL","BRO",300,19,149,529,92,151,34,104,0.962,NA,NA,NA,NA,NA,NA,6.8,0.285,0.407,0.556,34,120,3,NA,NA,NA,NA,NA,NA,FALSE
"47",1942,"Joe Gordon","AL","NYY",270,12,147,538,88,173,18,79,0.9,NA,NA,NA,NA,NA,NA,7.7,0.322,0.409,0.491,18,103,12,NA,NA,NA,NA,NA,NA,FALSE
"48",1942,"Mort Cooper","NL","STL",263,13,37,103,6,19,0,3,0.402,0.987,37,35,207,9,68,8.3,0.184,0.208,0.194,0,7,0,22,7,0,1.78,278.2,152,TRUE
"49",1943,"Spud Chandler","AL","NYY",246,12,30,97,9,25,2,1,0.658,0.992,30,30,197,5,54,7.3,0.258,0.287,0.371,2,7,0,20,4,0,1.64,253,134,TRUE
"50",1943,"Stan Musial","NL","STL",267,13,157,617,108,220,13,72,0.988,NA,NA,NA,NA,NA,NA,9.5,0.357,0.425,0.562,13,81,9,NA,NA,NA,NA,NA,NA,FALSE
"51",1944,"Hal Newhouser","AL","DET",236,7,47,120,10,29,0,6,0.553,1.172,47,34,264,6,102,8.4,0.242,0.278,0.275,0,5,1,29,9,2,2.22,312.1,187,TRUE
"52",1944,"Marty Marion","NL","STL",190,7,144,506,50,135,6,43,0.686,NA,NA,NA,NA,NA,NA,4.5,0.267,0.324,0.362,6,63,1,NA,NA,NA,NA,NA,NA,FALSE
"53",1945,"Hal Newhouser","AL","DET",236,9,40,109,8,28,0,7,0.623,1.114,40,36,239,5,110,12.2,0.257,0.302,0.321,0,17,0,25,9,2,1.81,313.1,212,TRUE
"54",1945,"Phil Cavarretta","NL","CHC",279,15,132,498,94,177,6,81,0.949,NA,NA,NA,NA,NA,NA,5.9,0.355,0.449,0.5,6,97,5,NA,NA,NA,NA,NA,NA,FALSE
"55",1946,"Ted Williams","AL","BOS",224,9,150,514,142,176,38,156,1.164,NA,NA,NA,NA,NA,NA,10.6,0.342,0.497,0.667,38,123,0,NA,NA,NA,NA,NA,NA,FALSE
"56",1946,"Stan Musial","NL","STL",319,22,156,624,124,228,16,73,1.021,NA,NA,NA,NA,NA,NA,9.3,0.365,0.434,0.587,16,103,7,NA,NA,NA,NA,NA,NA,FALSE
"57",1947,"Joe DiMaggio","AL","NYY",202,8,141,534,97,168,20,64,0.913,NA,NA,NA,NA,NA,NA,4.7,0.315,0.391,0.522,20,97,3,NA,NA,NA,NA,NA,NA,FALSE
"58",1947,"Bob Elliott","NL","BSN",205,9,150,555,93,176,22,87,0.927,NA,NA,NA,NA,NA,NA,6.5,0.317,0.41,0.517,22,113,3,NA,NA,NA,NA,NA,NA,FALSE
"59",1948,"Lou Boudreau","AL","CLE",324,22,152,560,116,199,18,98,0.987,NA,NA,NA,NA,NA,NA,10.4,0.355,0.453,0.534,18,106,3,NA,NA,NA,NA,NA,NA,FALSE
"60",1948,"Stan Musial","NL","STL",303,18,155,611,135,230,39,79,1.152,NA,NA,NA,NA,NA,NA,11.3,0.376,0.45,0.702,39,131,7,NA,NA,NA,NA,NA,NA,FALSE
"61",1949,"Ted Williams","AL","BOS",272,13,155,566,150,194,43,162,1.141,NA,NA,NA,NA,NA,NA,9,0.343,0.49,0.65,43,159,1,NA,NA,NA,NA,NA,NA,FALSE
"62",1949,"Jackie Robinson","NL","BRO",264,12,156,593,122,203,16,86,0.96,NA,NA,NA,NA,NA,NA,9.3,0.342,0.432,0.528,16,124,37,NA,NA,NA,NA,NA,NA,FALSE
"63",1950,"Phil Rizzuto","AL","NYY",284,16,155,617,125,200,7,92,0.857,NA,NA,NA,NA,NA,NA,6.8,0.324,0.418,0.439,7,66,12,NA,NA,NA,NA,NA,NA,FALSE
"64",1950,"Jim Konstanty","NL","PHI",286,18,74,37,0,4,0,0,0.216,1.039,74,0,108,11,50,4.4,0.108,0.108,0.108,0,3,0,16,7,22,2.66,152,56,TRUE
"65",1951,"Yogi Berra","AL","NYY",184,6,141,547,92,161,27,44,0.842,NA,NA,NA,NA,NA,NA,5.3,0.294,0.35,0.492,27,88,5,NA,NA,NA,NA,NA,NA,FALSE
"66",1951,"Roy Campanella","NL","BRO",243,11,143,505,90,164,33,53,0.983,NA,NA,NA,NA,NA,NA,6.9,0.325,0.393,0.59,33,108,1,NA,NA,NA,NA,NA,NA,FALSE
"67",1952,"Bobby Shantz","AL","PHA",280,16,34,96,13,19,0,5,0.513,1.048,33,33,230,21,63,9.4,0.198,0.252,0.26,0,12,0,24,7,0,2.48,279.2,152,TRUE
"68",1952,"Hank Sauer","NL","CHC",226,8,151,567,89,153,37,77,0.892,NA,NA,NA,NA,NA,NA,5.6,0.27,0.361,0.531,37,121,1,NA,NA,NA,NA,NA,NA,FALSE
"69",1953,"Al Rosen","AL","CLE",336,24,155,599,115,201,43,85,1.034,NA,NA,NA,NA,NA,NA,10.2,0.336,0.422,0.613,43,145,8,NA,NA,NA,NA,NA,NA,FALSE
"70",1953,"Roy Campanella","NL","BRO",297,17,144,519,103,162,41,67,1.006,NA,NA,NA,NA,NA,NA,6.8,0.312,0.395,0.611,41,142,4,NA,NA,NA,NA,NA,NA,FALSE
"71",1954,"Yogi Berra","AL","NYY",230,7,151,584,88,179,22,56,0.855,NA,NA,NA,NA,NA,NA,5.3,0.307,0.367,0.488,22,125,0,NA,NA,NA,NA,NA,NA,FALSE
"72",1954,"Willie Mays","NL","NYG",283,16,151,565,119,195,41,66,1.078,NA,NA,NA,NA,NA,NA,10.5,0.345,0.411,0.667,41,110,8,NA,NA,NA,NA,NA,NA,FALSE
"73",1955,"Yogi Berra","AL","NYY",218,7,147,541,84,147,27,60,0.819,NA,NA,NA,NA,NA,NA,4.5,0.272,0.349,0.47,27,108,1,NA,NA,NA,NA,NA,NA,FALSE
"74",1955,"Roy Campanella","NL","BRO",226,8,123,446,81,142,32,56,0.978,NA,NA,NA,NA,NA,NA,5.2,0.318,0.395,0.583,32,107,2,NA,NA,NA,NA,NA,NA,FALSE
"75",1956,"Mickey Mantle","AL","NYY",336,24,150,533,132,188,52,112,1.169,NA,NA,NA,NA,NA,NA,11.2,0.353,0.464,0.705,52,130,10,NA,NA,NA,NA,NA,NA,FALSE
"76",1956,"Don Newcombe","NL","BRO",223,8,52,111,13,26,2,12,0.654,0.989,38,36,219,33,46,5.3,0.234,0.312,0.342,2,16,1,27,7,0,3.06,268,139,TRUE
"77",1957,"Mickey Mantle","AL","NYY",233,6,144,474,121,173,34,146,1.177,NA,NA,NA,NA,NA,NA,11.3,0.365,0.512,0.665,34,94,16,NA,NA,NA,NA,NA,NA,FALSE
"78",1957,"Henry Aaron","NL","MLN",239,9,151,615,118,198,44,57,0.978,NA,NA,NA,NA,NA,NA,8,0.322,0.378,0.6,44,132,1,NA,NA,NA,NA,NA,NA,FALSE
"79",1958,"Jackie Jensen","AL","BOS",233,9,154,548,83,157,35,99,0.931,NA,NA,NA,NA,NA,NA,4.9,0.286,0.396,0.535,35,122,9,NA,NA,NA,NA,NA,NA,FALSE
"80",1958,"Ernie Banks","NL","CHC",283,16,154,617,119,193,47,52,0.98,NA,NA,NA,NA,NA,NA,9.3,0.313,0.366,0.614,47,129,4,NA,NA,NA,NA,NA,NA,FALSE
"81",1959,"Nellie Fox","AL","CHW",295,16,156,624,84,191,2,71,0.77,NA,NA,NA,NA,NA,NA,6.1,0.306,0.38,0.389,2,70,5,NA,NA,NA,NA,NA,NA,FALSE
"82",1959,"Ernie Banks","NL","CHC",232,10,155,589,97,179,45,64,0.97,NA,NA,NA,NA,NA,NA,10.2,0.304,0.374,0.596,45,143,2,NA,NA,NA,NA,NA,NA,FALSE
"83",1960,"Roger Maris","AL","NYY",225,8,136,499,98,141,39,70,0.952,NA,NA,NA,NA,NA,NA,7.5,0.283,0.371,0.581,39,112,2,NA,NA,NA,NA,NA,NA,FALSE
"84",1960,"Dick Groat","NL","PIT",276,16,138,573,85,186,2,39,0.766,NA,NA,NA,NA,NA,NA,6.1,0.325,0.371,0.394,2,50,0,NA,NA,NA,NA,NA,NA,FALSE
"85",1961,"Roger Maris","AL","NYY",202,7,161,590,132,159,61,94,0.993,NA,NA,NA,NA,NA,NA,6.9,0.269,0.372,0.62,61,141,0,NA,NA,NA,NA,NA,NA,FALSE
"86",1961,"Frank Robinson","NL","CIN",219,15,153,545,117,176,37,71,1.015,NA,NA,NA,NA,NA,NA,7.7,0.323,0.404,0.611,37,124,22,NA,NA,NA,NA,NA,NA,FALSE
"87",1962,"Mickey Mantle","AL","NYY",234,13,123,377,96,121,30,122,1.091,NA,NA,NA,NA,NA,NA,6,0.321,0.486,0.605,30,89,9,NA,NA,NA,NA,NA,NA,FALSE
"88",1962,"Maury Wills","NL","LAD",209,8,165,695,130,208,6,51,0.72,NA,NA,NA,NA,NA,NA,6,0.299,0.347,0.373,6,48,104,NA,NA,NA,NA,NA,NA,FALSE
"89",1963,"Elston Howard","AL","NYY",248,15,135,487,75,140,28,35,0.869,NA,NA,NA,NA,NA,NA,5.2,0.287,0.342,0.528,28,85,0,NA,NA,NA,NA,NA,NA,FALSE
"90",1963,"Sandy Koufax","NL","LAD",237,14,40,110,3,7,1,6,0.202,0.875,40,40,214,18,58,9.9,0.064,0.111,0.091,1,7,0,25,5,0,1.88,311,306,TRUE
"91",1964,"Brooks Robinson","AL","BAL",269,18,163,612,82,194,28,51,0.889,NA,NA,NA,NA,NA,NA,8.1,0.317,0.368,0.521,28,118,1,NA,NA,NA,NA,NA,NA,FALSE
"92",1964,"Ken Boyer","NL","STL",243,14,162,628,100,185,24,70,0.854,NA,NA,NA,NA,NA,NA,6.1,0.295,0.365,0.489,24,119,3,NA,NA,NA,NA,NA,NA,FALSE
"93",1965,"Zoilo Versalles","AL","MIN",275,19,160,666,126,182,19,41,0.781,NA,NA,NA,NA,NA,NA,7.2,0.273,0.319,0.462,19,77,27,NA,NA,NA,NA,NA,NA,FALSE
"94",1965,"Willie Mays","NL","SFG",224,9,157,558,118,177,52,76,1.043,NA,NA,NA,NA,NA,NA,11.2,0.317,0.398,0.645,52,112,9,NA,NA,NA,NA,NA,NA,FALSE
"95",1966,"Frank Robinson","AL","BAL",280,20,155,576,122,182,49,87,1.047,NA,NA,NA,NA,NA,NA,7.7,0.316,0.41,0.637,49,122,8,NA,NA,NA,NA,NA,NA,FALSE
"96",1966,"Roberto Clemente","NL","PIT",218,8,154,638,105,202,29,46,0.896,NA,NA,NA,NA,NA,NA,8.2,0.317,0.36,0.536,29,119,7,NA,NA,NA,NA,NA,NA,FALSE
"97",1967,"Carl Yastrzemski","AL","BOS",275,19,161,579,112,189,44,91,1.04,NA,NA,NA,NA,NA,NA,12.5,0.326,0.418,0.622,44,121,10,NA,NA,NA,NA,NA,NA,FALSE
"98",1967,"Orlando Cepeda","NL","STL",280,20,151,563,91,183,25,62,0.923,NA,NA,NA,NA,NA,NA,6.8,0.325,0.399,0.524,25,111,11,NA,NA,NA,NA,NA,NA,FALSE
"99",1968,"Denny McLain","AL","DET",280,20,44,111,7,18,0,1,0.359,0.905,41,41,241,31,63,7.4,0.162,0.17,0.189,0,4,0,31,6,0,1.96,336,280,TRUE
"100",1968,"Bob Gibson","NL","STL",242,14,35,94,3,16,0,7,0.456,0.853,34,34,198,11,62,11.9,0.17,0.233,0.223,0,6,1,22,9,0,1.12,304.2,268,TRUE
"101",1969,"Harmon Killebrew","AL","MIN",294,16,162,555,106,153,49,145,1.011,NA,NA,NA,NA,NA,NA,6.1,0.276,0.427,0.584,49,140,8,NA,NA,NA,NA,NA,NA,FALSE
"102",1969,"Willie McCovey","NL","SFG",265,11,149,491,101,157,45,121,1.108,NA,NA,NA,NA,NA,NA,8.1,0.32,0.453,0.656,45,126,0,NA,NA,NA,NA,NA,NA,FALSE
"103",1970,"Boog Powell","AL","BAL",234,11,154,526,82,156,35,104,0.962,NA,NA,NA,NA,NA,NA,5.1,0.297,0.412,0.549,35,114,1,NA,NA,NA,NA,NA,NA,FALSE
"104",1970,"Johnny Bench","NL","CIN",326,22,158,605,97,177,45,54,0.932,NA,NA,NA,NA,NA,NA,7.4,0.293,0.345,0.587,45,148,5,NA,NA,NA,NA,NA,NA,FALSE
"105",1971,"Vida Blue","AL","OAK",268,14,39,102,6,12,0,4,0.294,0.952,39,39,209,19,88,8.5,0.118,0.167,0.127,0,2,0,24,8,0,1.82,312,301,TRUE
"106",1971,"Joe Torre","NL","STL",318,21,161,634,97,230,24,63,0.976,NA,NA,NA,NA,NA,NA,5.9,0.363,0.421,0.555,24,137,4,NA,NA,NA,NA,NA,NA,FALSE
"107",1972,"Dick Allen","AL","CHW",321,21,148,506,90,156,37,99,1.023,NA,NA,NA,NA,NA,NA,8.6,0.308,0.42,0.603,37,113,19,NA,NA,NA,NA,NA,NA,FALSE
"108",1972,"Johnny Bench","NL","CIN",263,11,147,538,87,145,40,100,0.92,NA,NA,NA,NA,NA,NA,8.6,0.27,0.379,0.541,40,125,6,NA,NA,NA,NA,NA,NA,FALSE
"109",1973,"Reggie Jackson","AL","OAK",336,24,151,539,99,158,32,76,0.914,NA,NA,NA,NA,NA,NA,7.8,0.293,0.383,0.531,32,117,22,NA,NA,NA,NA,NA,NA,FALSE
"110",1973,"Pete Rose","NL","CIN",274,12,160,680,115,230,5,65,0.838,NA,NA,NA,NA,NA,NA,8.3,0.338,0.401,0.437,5,64,10,NA,NA,NA,NA,NA,NA,FALSE
"111",1974,"Jeff Burroughs","AL","TEX",248,10,152,554,84,167,25,91,0.901,NA,NA,NA,NA,NA,NA,3.6,0.301,0.397,0.504,25,118,2,NA,NA,NA,NA,NA,NA,FALSE
"112",1974,"Steve Garvey","NL","LAD",270,13,156,642,95,200,21,31,0.811,NA,NA,NA,NA,NA,NA,4.4,0.312,0.342,0.469,21,111,5,NA,NA,NA,NA,NA,NA,FALSE
"113",1975,"Fred Lynn","AL","BOS",326,22,145,528,103,175,21,62,0.967,NA,NA,NA,NA,NA,NA,7.4,0.331,0.401,0.566,21,105,10,NA,NA,NA,NA,NA,NA,FALSE
"114",1975,"Joe Morgan","NL","CIN",321,21,146,498,107,163,17,132,0.974,NA,NA,NA,NA,NA,NA,11,0.327,0.466,0.508,17,94,67,NA,NA,NA,NA,NA,NA,FALSE
"115",1976,"Thurman Munson","AL","NYY",304,18,152,616,79,186,17,29,0.769,NA,NA,NA,NA,NA,NA,5.3,0.302,0.337,0.432,17,105,14,NA,NA,NA,NA,NA,NA,FALSE
"116",1976,"Joe Morgan","NL","CIN",311,19,141,472,113,151,27,114,1.02,NA,NA,NA,NA,NA,NA,9.6,0.32,0.444,0.576,27,111,60,NA,NA,NA,NA,NA,NA,FALSE
"117",1977,"Rod Carew","AL","MIN",273,12,155,616,128,239,14,69,1.019,NA,NA,NA,NA,NA,NA,9.7,0.388,0.449,0.57,14,100,23,NA,NA,NA,NA,NA,NA,FALSE
"118",1977,"George Foster","NL","CIN",291,15,158,615,124,197,52,61,1.013,NA,NA,NA,NA,NA,NA,8.4,0.32,0.382,0.631,52,149,6,NA,NA,NA,NA,NA,NA,FALSE
"119",1978,"Jim Rice","AL","BOS",352,20,163,677,121,213,46,58,0.97,NA,NA,NA,NA,NA,NA,7.6,0.315,0.37,0.6,46,139,7,NA,NA,NA,NA,NA,NA,FALSE
"120",1978,"Dave Parker","NL","PIT",320,21,148,581,102,194,30,57,0.979,NA,NA,NA,NA,NA,NA,7,0.334,0.394,0.585,30,117,20,NA,NA,NA,NA,NA,NA,FALSE
"121",1979,"Don Baylor","AL","CAL",347,20,162,628,120,186,36,71,0.901,NA,NA,NA,NA,NA,NA,3.7,0.296,0.371,0.53,36,139,22,NA,NA,NA,NA,NA,NA,FALSE
"122",1979,"Keith Hernandez","NL","STL",216,4,161,610,116,210,11,80,0.93,NA,NA,NA,NA,NA,NA,7.6,0.344,0.417,0.513,11,105,11,NA,NA,NA,NA,NA,NA,FALSE
"123",1980,"George Brett","AL","KCR",335,17,117,449,87,175,24,58,1.118,NA,NA,NA,NA,NA,NA,9.4,0.39,0.454,0.664,24,118,15,NA,NA,NA,NA,NA,NA,FALSE
"124",1980,"Mike Schmidt","NL","PHI",336,24,150,548,104,157,48,89,1.004,NA,NA,NA,NA,NA,NA,8.9,0.286,0.38,0.624,48,121,12,NA,NA,NA,NA,NA,NA,FALSE
"125",1981,"Rollie Fingers","AL","MIL",319,15,1,0,0,0,0,0,NA,0.872,47,0,55,3,13,4.2,NA,NA,NA,NA,NA,NA,6,3,28,1.04,78,61,TRUE
"126",1981,"Mike Schmidt","NL","PHI",321,21,102,354,78,112,31,73,1.08,NA,NA,NA,NA,NA,NA,7.7,0.316,0.435,0.644,31,91,12,NA,NA,NA,NA,NA,NA,FALSE
"127",1982,"Robin Yount","AL","MIL",385,27,156,635,129,210,29,54,0.957,NA,NA,NA,NA,NA,NA,10.6,0.331,0.379,0.578,29,114,14,NA,NA,NA,NA,NA,NA,FALSE
"128",1982,"Dale Murphy","NL","ATL",283,14,162,598,113,168,36,93,0.885,NA,NA,NA,NA,NA,NA,6.1,0.281,0.378,0.507,36,109,23,NA,NA,NA,NA,NA,NA,FALSE
"129",1983,"Cal Ripken Jr.","AL","BAL",322,15,162,663,121,211,27,58,0.888,NA,NA,NA,NA,NA,NA,8.2,0.318,0.371,0.517,27,102,0,NA,NA,NA,NA,NA,NA,FALSE
"130",1983,"Dale Murphy","NL","ATL",318,21,162,589,131,178,36,90,0.933,NA,NA,NA,NA,NA,NA,7.1,0.302,0.393,0.54,36,121,30,NA,NA,NA,NA,NA,NA,FALSE
"131",1984,"Willie Hernández","AL","DET",306,16,2,0,0,0,0,0,NA,0.941,80,0,96,6,36,4.8,NA,NA,NA,NA,NA,NA,9,3,32,1.92,140.1,112,TRUE
"132",1984,"Ryne Sandberg","NL","CHC",326,22,156,636,114,200,19,52,0.887,NA,NA,NA,NA,NA,NA,8.5,0.314,0.367,0.52,19,84,32,NA,NA,NA,NA,NA,NA,FALSE
"133",1985,"Don Mattingly","AL","NYY",367,23,159,652,107,211,35,56,0.939,NA,NA,NA,NA,NA,NA,6.5,0.324,0.371,0.567,35,145,2,NA,NA,NA,NA,NA,NA,FALSE
"134",1985,"Willie McGee","NL","STL",280,14,152,612,114,216,10,34,0.887,NA,NA,NA,NA,NA,NA,8.2,0.353,0.384,0.503,10,82,56,NA,NA,NA,NA,NA,NA,FALSE
"135",1986,"Roger Clemens","AL","BOS",339,19,0,0,0,0,0,0,NA,0.969,33,33,179,21,67,8.8,NA,NA,NA,NA,NA,NA,24,4,0,2.48,254,238,TRUE
"136",1986,"Mike Schmidt","NL","PHI",287,15,160,552,97,160,37,89,0.937,NA,NA,NA,NA,NA,NA,6.1,0.29,0.39,0.547,37,119,1,NA,NA,NA,NA,NA,NA,FALSE
"137",1987,"George Bell","AL","TOR",332,16,156,610,111,188,47,39,0.957,NA,NA,NA,NA,NA,NA,5,0.308,0.352,0.605,47,134,5,NA,NA,NA,NA,NA,NA,FALSE
"138",1987,"Andre Dawson","NL","CHC",269,11,153,621,90,178,49,32,0.896,NA,NA,NA,NA,NA,NA,4,0.287,0.328,0.568,49,137,11,NA,NA,NA,NA,NA,NA,FALSE
"139",1988,"José Canseco","AL","OAK",392,28,158,610,120,187,42,78,0.959,NA,NA,NA,NA,NA,NA,7.3,0.307,0.391,0.569,42,124,40,NA,NA,NA,NA,NA,NA,FALSE
"140",1988,"Kirk Gibson","NL","LAD",272,13,150,542,106,157,25,73,0.86,NA,NA,NA,NA,NA,NA,6.5,0.29,0.377,0.483,25,76,31,NA,NA,NA,NA,NA,NA,FALSE
"141",1989,"Robin Yount","AL","MIL",256,8,160,614,101,195,21,63,0.896,NA,NA,NA,NA,NA,NA,5.8,0.318,0.384,0.511,21,103,19,NA,NA,NA,NA,NA,NA,FALSE
"142",1989,"Kevin Mitchell","NL","SFG",314,20,154,543,100,158,47,87,1.023,NA,NA,NA,NA,NA,NA,6.9,0.291,0.388,0.635,47,125,3,NA,NA,NA,NA,NA,NA,FALSE
"143",1990,"Rickey Henderson","AL","OAK",317,14,136,489,119,159,28,97,1.016,NA,NA,NA,NA,NA,NA,9.9,0.325,0.439,0.577,28,61,65,NA,NA,NA,NA,NA,NA,FALSE
"144",1990,"Barry Bonds","NL","PIT",331,23,151,519,104,156,33,93,0.97,NA,NA,NA,NA,NA,NA,9.7,0.301,0.406,0.565,33,114,52,NA,NA,NA,NA,NA,NA,FALSE
"145",1991,"Cal Ripken Jr.","AL","BAL",318,15,162,650,99,210,34,53,0.94,NA,NA,NA,NA,NA,NA,11.5,0.323,0.374,0.566,34,114,6,NA,NA,NA,NA,NA,NA,FALSE
"146",1991,"Terry Pendleton","NL","ATL",274,12,153,586,94,187,22,43,0.88,NA,NA,NA,NA,NA,NA,6.1,0.319,0.363,0.517,22,86,10,NA,NA,NA,NA,NA,NA,FALSE
"147",1992,"Dennis Eckersley","AL","OAK",306,15,0,0,0,0,0,0,NA,0.913,69,0,62,5,11,2.9,NA,NA,NA,NA,NA,NA,7,1,51,1.91,80,93,TRUE
"148",1992,"Barry Bonds","NL","PIT",304,18,140,473,109,147,34,127,1.08,NA,NA,NA,NA,NA,NA,9,0.311,0.456,0.624,34,103,39,NA,NA,NA,NA,NA,NA,FALSE
"149",1993,"Frank Thomas","AL","CHW",392,28,153,549,106,174,41,112,1.033,NA,NA,NA,NA,NA,NA,6.2,0.317,0.426,0.607,41,128,4,NA,NA,NA,NA,NA,NA,FALSE
"150",1993,"Barry Bonds","NL","SFG",372,24,159,539,129,181,46,126,1.136,NA,NA,NA,NA,NA,NA,9.9,0.336,0.458,0.677,46,123,29,NA,NA,NA,NA,NA,NA,FALSE
"151",1994,"Frank Thomas","AL","CHW",372,24,113,399,106,141,38,109,1.217,NA,NA,NA,NA,NA,NA,6.4,0.353,0.487,0.729,38,101,2,NA,NA,NA,NA,NA,NA,FALSE
"152",1994,"Jeff Bagwell","NL","HOU",392,28,110,400,104,147,39,65,1.201,NA,NA,NA,NA,NA,NA,8.2,0.368,0.451,0.75,39,116,15,NA,NA,NA,NA,NA,NA,FALSE
"153",1995,"Mo Vaughn","AL","BOS",308,12,140,550,98,165,39,68,0.963,NA,NA,NA,NA,NA,NA,4.3,0.3,0.388,0.575,39,126,11,NA,NA,NA,NA,NA,NA,FALSE
"154",1995,"Barry Larkin","NL","CIN",281,11,131,496,98,158,15,61,0.886,NA,NA,NA,NA,NA,NA,5.9,0.319,0.394,0.492,15,66,51,NA,NA,NA,NA,NA,NA,FALSE
"155",1996,"Juan González","AL","TEX",290,11,134,541,89,170,47,45,1.011,NA,NA,NA,NA,NA,NA,3.8,0.314,0.368,0.643,47,144,2,NA,NA,NA,NA,NA,NA,FALSE
"156",1996,"Ken Caminiti","NL","SDP",392,28,146,546,109,178,40,78,1.028,NA,NA,NA,NA,NA,NA,7.6,0.326,0.408,0.621,40,130,11,NA,NA,NA,NA,NA,NA,FALSE
"157",1997,"Ken Griffey Jr.","AL","SEA",392,28,157,608,125,185,56,76,1.028,NA,NA,NA,NA,NA,NA,9.1,0.304,0.382,0.646,56,147,15,NA,NA,NA,NA,NA,NA,FALSE
"158",1997,"Larry Walker","NL","COL",359,22,153,568,143,208,49,78,1.172,NA,NA,NA,NA,NA,NA,9.8,0.366,0.452,0.72,49,130,33,NA,NA,NA,NA,NA,NA,FALSE
"159",1998,"Juan González","AL","TEX",357,21,154,606,110,193,45,46,0.997,NA,NA,NA,NA,NA,NA,4.9,0.318,0.366,0.63,45,157,2,NA,NA,NA,NA,NA,NA,FALSE
"160",1998,"Sammy Sosa","NL","CHC",438,30,159,643,134,198,66,73,1.024,NA,NA,NA,NA,NA,NA,6.5,0.308,0.377,0.647,66,158,18,NA,NA,NA,NA,NA,NA,FALSE
"161",1999,"Iván Rodríguez","AL","TEX",252,7,144,600,116,199,35,24,0.914,NA,NA,NA,NA,NA,NA,6.4,0.332,0.356,0.558,35,113,25,NA,NA,NA,NA,NA,NA,FALSE
"162",1999,"Chipper Jones","NL","ATL",432,29,157,567,116,181,45,126,1.074,NA,NA,NA,NA,NA,NA,6.9,0.319,0.441,0.633,45,110,25,NA,NA,NA,NA,NA,NA,FALSE
"163",2000,"Jason Giambi","AL","OAK",317,14,152,510,108,170,43,137,1.123,NA,NA,NA,NA,NA,NA,7.8,0.333,0.476,0.647,43,137,2,NA,NA,NA,NA,NA,NA,FALSE
"164",2000,"Jeff Kent","NL","SFG",392,22,159,587,114,196,33,90,1.021,NA,NA,NA,NA,NA,NA,7.2,0.334,0.424,0.596,33,125,12,NA,NA,NA,NA,NA,NA,FALSE
"165",2001,"Ichiro Suzuki","AL","SEA",289,11,157,692,127,242,8,30,0.838,NA,NA,NA,NA,NA,NA,7.7,0.35,0.381,0.457,8,69,56,NA,NA,NA,NA,NA,NA,FALSE
"166",2001,"Barry Bonds","NL","SFG",438,30,153,476,129,156,73,177,1.379,NA,NA,NA,NA,NA,NA,11.9,0.328,0.515,0.863,73,137,13,NA,NA,NA,NA,NA,NA,FALSE
"167",2002,"Miguel Tejada","AL","OAK",356,21,162,662,108,204,34,38,0.861,NA,NA,NA,NA,NA,NA,5.7,0.308,0.354,0.508,34,131,7,NA,NA,NA,NA,NA,NA,FALSE
"168",2002,"Barry Bonds","NL","SFG",448,32,143,403,117,149,46,198,1.381,NA,NA,NA,NA,NA,NA,11.8,0.37,0.582,0.799,46,110,9,NA,NA,NA,NA,NA,NA,FALSE
"169",2003,"Alex Rodriguez","AL","TEX",242,6,161,607,124,181,47,87,0.995,NA,NA,NA,NA,NA,NA,8.4,0.298,0.396,0.6,47,118,17,NA,NA,NA,NA,NA,NA,FALSE
"170",2003,"Barry Bonds","NL","SFG",426,28,130,390,111,133,45,148,1.278,NA,NA,NA,NA,NA,NA,9.2,0.341,0.529,0.749,45,90,7,NA,NA,NA,NA,NA,NA,FALSE
"171",2004,"Vladimir Guerrero","AL","ANA",354,21,156,612,124,206,39,52,0.989,NA,NA,NA,NA,NA,NA,5.6,0.337,0.391,0.598,39,126,15,NA,NA,NA,NA,NA,NA,FALSE
"172",2004,"Barry Bonds","NL","SFG",407,24,147,373,129,135,45,232,1.422,NA,NA,NA,NA,NA,NA,10.6,0.362,0.609,0.812,45,101,6,NA,NA,NA,NA,NA,NA,FALSE
"173",2005,"Alex Rodriguez","AL","NYY",331,16,162,605,124,194,48,91,1.031,NA,NA,NA,NA,NA,NA,9.4,0.321,0.421,0.61,48,130,21,NA,NA,NA,NA,NA,NA,FALSE
"174",2005,"Albert Pujols","NL","STL",378,18,161,591,129,195,41,97,1.039,NA,NA,NA,NA,NA,NA,8.4,0.33,0.43,0.609,41,117,16,NA,NA,NA,NA,NA,NA,FALSE
"175",2006,"Justin Morneau","AL","MIN",320,15,157,592,97,190,34,53,0.934,NA,NA,NA,NA,NA,NA,4.3,0.321,0.375,0.559,34,130,3,NA,NA,NA,NA,NA,NA,FALSE
"176",2006,"Ryan Howard","NL","PHI",388,20,159,581,104,182,58,108,1.084,NA,NA,NA,NA,NA,NA,5.2,0.313,0.425,0.659,58,149,0,NA,NA,NA,NA,NA,NA,FALSE
"177",2007,"Alex Rodriguez","AL","NYY",382,26,158,583,143,183,54,95,1.067,NA,NA,NA,NA,NA,NA,9.4,0.314,0.422,0.645,54,156,24,NA,NA,NA,NA,NA,NA,FALSE
"178",2007,"Jimmy Rollins","NL","PHI",353,16,162,716,139,212,30,49,0.875,NA,NA,NA,NA,NA,NA,6.1,0.296,0.344,0.531,30,94,41,NA,NA,NA,NA,NA,NA,FALSE
"179",2008,"Dustin Pedroia","AL","BOS",317,16,157,653,118,213,17,50,0.869,NA,NA,NA,NA,NA,NA,7,0.326,0.376,0.493,17,83,20,NA,NA,NA,NA,NA,NA,FALSE
"180",2008,"Albert Pujols","NL","STL",369,18,148,524,100,187,37,104,1.114,NA,NA,NA,NA,NA,NA,9.2,0.357,0.462,0.653,37,116,7,NA,NA,NA,NA,NA,NA,FALSE
"181",2009,"Joe Mauer","AL","MIN",387,27,138,523,94,191,28,76,1.031,NA,NA,NA,NA,NA,NA,7.8,0.365,0.444,0.587,28,96,4,NA,NA,NA,NA,NA,NA,FALSE
"182",2009,"Albert Pujols","NL","STL",448,32,160,568,124,186,47,115,1.101,NA,NA,NA,NA,NA,NA,9.7,0.327,0.443,0.658,47,135,16,NA,NA,NA,NA,NA,NA,FALSE
"183",2010,"Josh Hamilton","AL","TEX",358,22,133,518,95,186,32,43,1.044,NA,NA,NA,NA,NA,NA,8.7,0.359,0.411,0.633,32,100,8,NA,NA,NA,NA,NA,NA,FALSE
"184",2010,"Joey Votto","NL","CIN",443,31,150,547,106,177,37,91,1.024,NA,NA,NA,NA,NA,NA,7,0.324,0.424,0.6,37,113,16,NA,NA,NA,NA,NA,NA,FALSE
"185",2011,"Justin Verlander","AL","DET",280,13,1,4,0,0,0,0,0,0.92,34,34,174,24,57,8.6,0,0,0,0,0,0,24,5,0,2.4,251,250,TRUE
"186",2011,"Ryan Braun","NL","MIL",388,20,150,563,109,187,33,58,0.994,NA,NA,NA,NA,NA,NA,7.7,0.332,0.397,0.597,33,111,33,NA,NA,NA,NA,NA,NA,FALSE
"187",2012,"Miguel Cabrera","AL","DET",362,22,161,622,109,205,44,66,0.999,NA,NA,NA,NA,NA,NA,7.1,0.33,0.393,0.606,44,139,4,NA,NA,NA,NA,NA,NA,FALSE
"188",2012,"Buster Posey","NL","SFG",422,27,148,530,78,178,24,69,0.957,NA,NA,NA,NA,NA,NA,7.6,0.336,0.408,0.549,24,103,1,NA,NA,NA,NA,NA,NA,FALSE
"189",2013,"Miguel Cabrera","AL","DET",385,23,148,555,103,193,44,90,1.078,NA,NA,NA,NA,NA,NA,7.5,0.348,0.442,0.636,44,137,3,NA,NA,NA,NA,NA,NA,FALSE
"190",2013,"Andrew McCutchen","NL","PIT",409,28,157,583,97,185,21,78,0.911,NA,NA,NA,NA,NA,NA,7.8,0.317,0.404,0.508,21,84,27,NA,NA,NA,NA,NA,NA,FALSE
"191",2014,"Mike Trout","AL","LAA",420,30,157,602,115,173,36,83,0.939,NA,NA,NA,NA,NA,NA,7.7,0.287,0.377,0.561,36,111,16,NA,NA,NA,NA,NA,NA,FALSE
"192",2014,"Clayton Kershaw","NL","LAD",355,18,26,63,5,11,0,4,0.442,0.857,27,27,139,9,31,8.2,0.175,0.235,0.206,0,3,1,21,3,0,1.77,198.1,239,TRUE
"193",2015,"Josh Donaldson","AL","TOR",385,23,158,620,122,184,41,73,0.939,NA,NA,NA,NA,NA,NA,7.1,0.297,0.371,0.568,41,123,6,NA,NA,NA,NA,NA,NA,FALSE
"194",2015,"Bryce Harper","NL","WSN",420,30,153,521,118,172,42,124,1.109,NA,NA,NA,NA,NA,NA,9.7,0.33,0.46,0.649,42,99,6,NA,NA,NA,NA,NA,NA,FALSE
"195",2016,"Mike Trout","AL","LAA",356,19,159,549,123,173,29,116,0.991,NA,NA,NA,NA,NA,NA,10.5,0.315,0.441,0.55,29,100,30,NA,NA,NA,NA,NA,NA,FALSE
"196",2016,"Kris Bryant","NL","CHC",415,29,155,603,121,176,39,75,0.939,NA,NA,NA,NA,NA,NA,7.3,0.292,0.385,0.554,39,102,8,NA,NA,NA,NA,NA,NA,FALSE
"197",2017,"Jose Altuve","AL","HOU",405,27,153,590,112,204,24,58,0.957,NA,NA,NA,NA,NA,NA,7.7,0.346,0.41,0.547,24,81,32,NA,NA,NA,NA,NA,NA,FALSE
"198",2017,"Giancarlo Stanton","NL","MIA",302,10,159,597,123,168,59,85,1.007,NA,NA,NA,NA,NA,NA,7.9,0.281,0.376,0.631,59,132,2,NA,NA,NA,NA,NA,NA,FALSE
"199",2018,"Mookie Betts","AL","BOS",410,28,136,520,129,180,32,81,1.078,NA,NA,NA,NA,NA,NA,10.7,0.346,0.438,0.64,32,80,30,NA,NA,NA,NA,NA,NA,FALSE
"200",2018,"Christian Yelich","NL","MIL",415,29,147,574,118,187,36,68,1,NA,NA,NA,NA,NA,NA,7.3,0.326,0.402,0.598,36,110,22,NA,NA,NA,NA,NA,NA,FALSE
"201",2019,"Mike Trout","AL","LAA",355,17,134,470,110,137,45,110,1.083,NA,NA,NA,NA,NA,NA,7.9,0.291,0.438,0.645,45,104,11,NA,NA,NA,NA,NA,NA,FALSE
"202",2019,"Cody Bellinger","NL","LAD",362,19,156,558,121,170,47,95,1.035,NA,NA,NA,NA,NA,NA,8.6,0.305,0.406,0.629,47,115,15,NA,NA,NA,NA,NA,NA,FALSE
"203",2020,"José Abreu","AL","CHW",374,21,60,240,43,76,19,18,0.987,NA,NA,NA,NA,NA,NA,3,0.317,0.37,0.617,19,60,0,NA,NA,NA,NA,NA,NA,FALSE
"204",2020,"Freddie Freeman","NL","ATL",410,28,60,214,51,73,13,45,1.102,NA,NA,NA,NA,NA,NA,3.3,0.341,0.462,0.64,13,53,2,NA,NA,NA,NA,NA,NA,FALSE
"205",2021,"Shohei Ohtani","AL","LAA",420,30,155,537,103,138,46,96,0.965,1.09,23,23,98,15,44,8.9,0.257,0.372,0.592,46,100,26,9,2,0,3.18,130.1,156,TRUE
"206",2021,"Bryce Harper","NL","PHI",348,17,141,488,101,151,35,100,1.044,NA,NA,NA,NA,NA,NA,5.9,0.309,0.429,0.615,35,84,13,NA,NA,NA,NA,NA,NA,FALSE
"207",2022,"Aaron Judge","AL","NYY",410,28,157,570,133,177,62,111,1.111,NA,NA,NA,NA,NA,NA,10.5,0.311,0.425,0.686,62,131,16,NA,NA,NA,NA,NA,NA,FALSE
"208",2022,"Paul Goldschmidt","NL","STL",380,22,151,561,106,178,35,79,0.981,NA,NA,NA,NA,NA,NA,7.7,0.317,0.404,0.578,35,115,7,NA,NA,NA,NA,NA,NA,FALSE
"209",2023,"Shohei Ohtani","AL","LAA",420,30,135,497,102,151,44,91,1.066,1.061,23,23,85,18,55,9.9,0.304,0.412,0.654,44,95,20,10,5,0,3.14,132,167,TRUE
"210",2023,"Ronald Acuña Jr.","NL","ATL",420,30,159,643,149,217,41,80,1.012,NA,NA,NA,NA,NA,NA,8.2,0.337,0.416,0.596,41,106,73,NA,NA,NA,NA,NA,NA,FALSE
