"","...1","Year","Name","Lg","Team","Vote_PTS","First_Place","WAR.x","BS_G","AB","R","BS_H","BS_HR","RBI.x","SB.x","BS_BB","BA.x","OBP.x","SLG.x","OPS","W.x","L.x","ERA.x","WHIP","PS_G","GS","SV.x","IP.x","PS_H","PS_HR","PS_BB","SO.x","Tm","WAR.y","BA.y","OBP.y","SLG.y","HR","RBI.y","SB.y","W.y","L.y","SV.y","ERA.y","IP.y","SO.y","Voting","Pitcher"
"1",1,1911,"Ty Cobb","AL","DET",64,8,10.7,146,592,148,248,8,127,83,44,0.419,0.466,0.62,1.086,NA,NA,NA,NA,NA,NA,NA,NA,NA,NA,NA,NA,"DET",10.7,0.419,0.466,0.62,8,127,83,NA,NA,NA,NA,NA,NA,"Voting",FALSE
"2",2,1911,"Frank Schulte","NL","CHC",29,NA,5.2,154,577,105,173,21,107,23,76,0.3,0.384,0.534,0.918,NA,NA,NA,NA,NA,NA,NA,NA,NA,NA,NA,NA,"CHC",5.2,0.3,0.384,0.534,21,107,23,NA,NA,NA,NA,NA,NA,"Voting",FALSE
"3",3,1912,"Tris Speaker","AL","BOS",59,NA,10.2,153,580,136,222,10,90,52,82,0.383,0.464,0.567,1.031,NA,NA,NA,NA,NA,NA,NA,NA,NA,NA,NA,NA,"BOS",10.2,0.383,0.464,0.567,10,90,52,NA,NA,NA,NA,NA,NA,"Voting",FALSE
"4",4,1912,"Larry Doyle","NL","NYG",48,NA,5,143,558,98,184,10,91,36,56,0.33,0.393,0.471,0.864,NA,NA,NA,NA,NA,NA,NA,NA,NA,NA,NA,NA,"NYG",5,0.33,0.393,0.471,10,91,36,NA,NA,NA,NA,NA,NA,"Voting",FALSE
"5",5,1913,"Walter Johnson","AL","WSH",54,NA,16.6,55,134,12,35,2,14,2,5,0.261,0.293,0.433,0.726,36,7,1.14,0.78,48,36,2,346,232,9,38,243,"WSH",16.6,0.261,0.293,0.433,2,14,2,36,7,2,1.14,346,243,"Voting",TRUE
"6",6,1913,"Jake Daubert","NL","BRO",50,NA,4,139,508,76,178,2,52,25,44,0.35,0.405,0.423,0.829,NA,NA,NA,NA,NA,NA,NA,NA,NA,NA,NA,NA,"BRO",4,0.35,0.405,0.423,2,52,25,NA,NA,NA,NA,NA,NA,"Voting",FALSE
"7",7,1914,"Eddie Collins","AL","PHA",63,7,9.1,152,526,122,181,2,85,58,97,0.344,0.452,0.452,0.904,NA,NA,NA,NA,NA,NA,NA,NA,NA,NA,NA,NA,"PHA",9.1,0.344,0.452,0.452,2,85,58,NA,NA,NA,NA,NA,NA,"Voting",FALSE
"8",8,1914,"Johnny Evers","NL","BSN",50,NA,4.9,139,491,81,137,1,40,12,87,0.279,0.39,0.338,0.728,NA,NA,NA,NA,NA,NA,NA,NA,NA,NA,NA,NA,"BSN",4.9,0.279,0.39,0.338,1,40,12,NA,NA,NA,NA,NA,NA,"Voting",FALSE
"9",9,1922,"George Sisler","AL","SLB",59,NA,8.7,142,586,134,246,8,105,51,49,0.42,0.467,0.594,1.061,NA,NA,NA,NA,NA,NA,NA,NA,NA,NA,NA,NA,"SLB",8.7,0.42,0.467,0.594,8,105,51,NA,NA,NA,NA,NA,NA,"Voting",FALSE
"10",10,1923,"Babe Ruth","AL","NYY",64,8,14.1,152,522,151,205,41,130,17,170,0.393,0.545,0.764,1.309,NA,NA,NA,NA,NA,NA,NA,NA,NA,NA,NA,NA,"NYY",14.1,0.393,0.545,0.764,41,130,17,NA,NA,NA,NA,NA,NA,"Voting",FALSE
"11",11,1924,"Walter Johnson","AL","WSH",55,NA,7.5,39,113,18,32,1,14,0,3,0.283,0.308,0.389,0.697,23,7,2.72,1.116,38,38,0,277.2,233,10,77,158,"WSH",7.5,0.283,0.308,0.389,1,14,0,23,7,0,2.72,277.2,158,"Voting",TRUE
"12",12,1924,"Dazzy Vance","NL","BRO",74,NA,10.3,35,106,7,16,2,11,0,10,0.151,0.231,0.208,0.438,28,6,2.16,1.022,35,34,0,308.1,238,11,77,262,"BRO",10.3,0.151,0.231,0.208,2,11,0,28,6,0,2.16,308.1,262,"Voting",TRUE
"13",13,1925,"Roger Peckinpaugh","AL","WSH",45,NA,2.7,126,422,67,124,4,64,13,49,0.294,0.367,0.379,0.746,NA,NA,NA,NA,NA,NA,NA,NA,NA,NA,NA,NA,"WSH",2.7,0.294,0.367,0.379,4,64,13,NA,NA,NA,NA,NA,NA,"Voting",FALSE
"14",14,1925,"Rogers Hornsby","NL","STL",73,NA,10.2,138,504,133,203,39,143,5,83,0.403,0.489,0.756,1.245,NA,NA,NA,NA,NA,NA,NA,NA,NA,NA,NA,NA,"STL",10.2,0.403,0.489,0.756,39,143,5,NA,NA,NA,NA,NA,NA,"Voting",FALSE
"15",15,1926,"George Burns","AL","CLE",63,NA,5.2,151,603,97,216,4,115,13,28,0.358,0.394,0.494,0.889,NA,NA,NA,NA,NA,NA,NA,NA,NA,NA,NA,NA,"CLE",5.2,0.358,0.394,0.494,4,115,13,NA,NA,NA,NA,NA,NA,"Voting",FALSE
"16",16,1926,"Bob O'Farrell","NL","STL",79,NA,3.9,147,492,63,144,7,68,1,61,0.293,0.371,0.433,0.804,NA,NA,NA,NA,NA,NA,NA,NA,NA,NA,NA,NA,"STL",3.9,0.293,0.371,0.433,7,68,1,NA,NA,NA,NA,NA,NA,"Voting",FALSE
"17",17,1927,"Lou Gehrig","AL","NYY",56,7,11.9,155,584,149,218,47,173,10,109,0.373,0.474,0.765,1.24,NA,NA,NA,NA,NA,NA,NA,NA,NA,NA,NA,NA,"NYY",11.9,0.373,0.474,0.765,47,173,10,NA,NA,NA,NA,NA,NA,"Voting",FALSE
"18",18,1927,"Paul Waner","NL","PIT",72,NA,7.1,155,623,114,237,9,131,5,60,0.38,0.437,0.549,0.986,NA,NA,NA,NA,NA,NA,NA,NA,NA,NA,NA,NA,"PIT",7.1,0.38,0.437,0.549,9,131,5,NA,NA,NA,NA,NA,NA,"Voting",FALSE
"19",19,1928,"Mickey Cochrane","AL","PHA",53,NA,3.4,131,468,92,137,10,57,7,76,0.293,0.395,0.464,0.859,NA,NA,NA,NA,NA,NA,NA,NA,NA,NA,NA,NA,"PHA",3.4,0.293,0.395,0.464,10,57,7,NA,NA,NA,NA,NA,NA,"Voting",FALSE
"20",20,1928,"Jim Bottomley","NL","STL",76,NA,5.6,149,576,123,187,31,136,10,71,0.325,0.402,0.628,1.03,NA,NA,NA,NA,NA,NA,NA,NA,NA,NA,NA,NA,"STL",5.6,0.325,0.402,0.628,31,136,10,NA,NA,NA,NA,NA,NA,"Voting",FALSE
"21",21,1929,"Lew Fonseca","AL","CLE",77,2,5.6,148,566,97,209,6,103,19,50,0.369,0.427,0.532,0.959,NA,NA,NA,NA,NA,NA,NA,NA,NA,NA,NA,NA,"CLE",5.6,0.369,0.427,0.532,6,103,19,NA,NA,NA,NA,NA,NA,"Voting",FALSE
"22",22,1929,"Rogers Hornsby","NL","CHC",60,3,10.6,156,602,156,229,39,149,2,87,0.38,0.459,0.679,1.139,NA,NA,NA,NA,NA,NA,NA,NA,NA,NA,NA,NA,"CHC",10.6,0.38,0.459,0.679,39,149,2,NA,NA,NA,NA,NA,NA,"Voting",FALSE
"23",23,1930,"Joe Cronin","AL","WSH",100,3,8.5,154,587,127,203,13,126,17,72,0.346,0.422,0.513,0.934,NA,NA,NA,NA,NA,NA,NA,NA,NA,NA,NA,NA,"WSH",8.5,0.346,0.422,0.513,13,126,17,NA,NA,NA,NA,NA,NA,"Voting",FALSE
"24",24,1930,"Hack Wilson","NL","CHC",111,3,7.4,155,585,146,208,56,191,3,105,0.356,0.454,0.723,1.177,NA,NA,NA,NA,NA,NA,NA,NA,NA,NA,NA,NA,"CHC",7.4,0.356,0.454,0.723,56,191,3,NA,NA,NA,NA,NA,NA,"Voting",FALSE
"25",25,1931,"Lefty Grove","AL","PHA",78,NA,10,41,115,8,23,0,12,0,3,0.2,0.22,0.226,0.446,31,4,2.06,1.077,41,30,5,288.2,249,10,62,175,"PHA",10,0.2,0.22,0.226,0,12,0,31,4,5,2.06,288.2,175,"Voting",TRUE
"26",26,1931,"Frankie Frisch","NL","STL",65,NA,3.9,131,518,96,161,4,82,28,45,0.311,0.368,0.396,0.764,NA,NA,NA,NA,NA,NA,NA,NA,NA,NA,NA,NA,"STL",3.9,0.311,0.368,0.396,4,82,28,NA,NA,NA,NA,NA,NA,"Voting",FALSE
"27",27,1932,"Jimmie Foxx","AL","PHA",75,5,10.4,154,585,151,213,58,169,3,116,0.364,0.469,0.749,1.218,NA,NA,NA,NA,NA,NA,NA,NA,NA,NA,NA,NA,"PHA",10.4,0.364,0.469,0.749,58,169,3,NA,NA,NA,NA,NA,NA,"Voting",FALSE
"28",28,1932,"Chuck Klein","NL","PHI",78,6,7.5,154,650,152,226,38,137,20,60,0.348,0.404,0.646,1.05,NA,NA,NA,NA,NA,NA,NA,NA,NA,NA,NA,NA,"PHI",7.5,0.348,0.404,0.646,38,137,20,NA,NA,NA,NA,NA,NA,"Voting",FALSE
"29",29,1933,"Jimmie Foxx","AL","PHA",74,4,9,149,573,125,204,48,163,2,96,0.356,0.449,0.703,1.153,NA,NA,NA,NA,NA,NA,NA,NA,NA,NA,NA,NA,"PHA",9,0.356,0.449,0.703,48,163,2,NA,NA,NA,NA,NA,NA,"Voting",FALSE
"30",30,1933,"Carl Hubbell","NL","NYG",77,NA,9,45,109,6,20,1,12,0,2,0.183,0.198,0.248,0.446,23,12,1.66,0.982,45,33,5,308.2,256,6,47,156,"NYG",9,0.183,0.198,0.248,1,12,0,23,12,5,1.66,308.2,156,"Voting",TRUE
"31",31,1934,"Mickey Cochrane","AL","DET",67,NA,4.5,129,437,74,140,2,75,8,78,0.32,0.428,0.412,0.84,NA,NA,NA,NA,NA,NA,NA,NA,NA,NA,NA,NA,"DET",4.5,0.32,0.428,0.412,2,75,8,NA,NA,NA,NA,NA,NA,"Voting",FALSE
"32",32,1934,"Dizzy Dean","NL","STL",78,6,9.5,51,118,15,29,2,9,1,1,0.246,0.252,0.339,0.591,30,7,2.66,1.165,50,33,7,311.2,288,14,75,195,"STL",9.5,0.246,0.252,0.339,2,9,1,30,7,7,2.66,311.2,195,"Voting",TRUE
"33",33,1935,"Hank Greenberg","AL","DET",80,8,7.5,152,619,120,203,36,168,4,87,0.328,0.411,0.628,1.039,NA,NA,NA,NA,NA,NA,NA,NA,NA,NA,NA,NA,"DET",7.5,0.328,0.411,0.628,36,168,4,NA,NA,NA,NA,NA,NA,"Voting",FALSE
"34",34,1935,"Gabby Hartnett","NL","CHC",75,NA,4.9,116,413,67,142,13,91,1,41,0.344,0.404,0.545,0.949,NA,NA,NA,NA,NA,NA,NA,NA,NA,NA,NA,NA,"CHC",4.9,0.344,0.404,0.545,13,91,1,NA,NA,NA,NA,NA,NA,"Voting",FALSE
"35",35,1936,"Lou Gehrig","AL","NYY",73,4,9.7,155,579,167,205,49,152,3,130,0.354,0.478,0.696,1.174,NA,NA,NA,NA,NA,NA,NA,NA,NA,NA,NA,NA,"NYY",9.7,0.354,0.478,0.696,49,152,3,NA,NA,NA,NA,NA,NA,"Voting",FALSE
"36",36,1936,"Carl Hubbell","NL","NYG",60,6,10.1,42,110,9,25,0,8,0,3,0.227,0.248,0.236,0.484,26,6,2.31,1.059,42,34,3,304,265,7,57,123,"NYG",10.1,0.227,0.248,0.236,0,8,0,26,6,3,2.31,304,123,"Voting",TRUE
"37",37,1937,"Charlie Gehringer","AL","DET",78,6,7.8,144,564,133,209,14,96,11,90,0.371,0.458,0.52,0.978,NA,NA,NA,NA,NA,NA,NA,NA,NA,NA,NA,NA,"DET",7.8,0.371,0.458,0.52,14,96,11,NA,NA,NA,NA,NA,NA,"Voting",FALSE
"38",38,1937,"Joe Medwick","NL","STL",70,2,8.4,156,633,111,237,31,154,4,41,0.374,0.414,0.641,1.056,NA,NA,NA,NA,NA,NA,NA,NA,NA,NA,NA,NA,"STL",8.4,0.374,0.414,0.641,31,154,4,NA,NA,NA,NA,NA,NA,"Voting",FALSE
"39",39,1938,"Jimmie Foxx","AL","BOS",305,19,7.5,149,565,139,197,50,175,5,119,0.349,0.462,0.704,1.166,NA,NA,NA,NA,NA,NA,NA,NA,NA,NA,NA,NA,"BOS",7.5,0.349,0.462,0.704,50,175,5,NA,NA,NA,NA,NA,NA,"Voting",FALSE
"40",40,1938,"Ernie Lombardi","NL","CIN",229,10,4.8,129,489,60,167,19,95,0,40,0.342,0.391,0.524,0.915,NA,NA,NA,NA,NA,NA,NA,NA,NA,NA,NA,NA,"CIN",4.8,0.342,0.391,0.524,19,95,0,NA,NA,NA,NA,NA,NA,"Voting",FALSE
"41",41,1939,"Joe DiMaggio","AL","NYY",280,15,8.3,120,462,108,176,30,126,3,52,0.381,0.448,0.671,1.119,NA,NA,NA,NA,NA,NA,NA,NA,NA,NA,NA,NA,"NYY",8.3,0.381,0.448,0.671,30,126,3,NA,NA,NA,NA,NA,NA,"Voting",FALSE
"42",42,1939,"Bucky Walters","NL","CIN",303,18,9.8,40,120,16,39,1,16,1,5,0.325,0.357,0.433,0.79,27,11,2.29,1.125,39,36,0,319,250,15,109,137,"CIN",9.8,0.325,0.357,0.433,1,16,1,27,11,0,2.29,319,137,"Voting",TRUE
"43",43,1940,"Hank Greenberg","AL","DET",292,16,6.8,148,573,129,195,41,150,6,93,0.34,0.433,0.67,1.103,NA,NA,NA,NA,NA,NA,NA,NA,NA,NA,NA,NA,"DET",6.8,0.34,0.433,0.67,41,150,6,NA,NA,NA,NA,NA,NA,"Voting",FALSE
"44",44,1940,"Frank McCormick","NL","CIN",274,16,5.3,155,618,93,191,19,127,2,52,0.309,0.367,0.482,0.85,NA,NA,NA,NA,NA,NA,NA,NA,NA,NA,NA,NA,"CIN",5.3,0.309,0.367,0.482,19,127,2,NA,NA,NA,NA,NA,NA,"Voting",FALSE
"45",45,1941,"Joe DiMaggio","AL","NYY",291,15,9.3,139,541,122,193,30,125,4,76,0.357,0.44,0.643,1.083,NA,NA,NA,NA,NA,NA,NA,NA,NA,NA,NA,NA,"NYY",9.3,0.357,0.44,0.643,30,125,4,NA,NA,NA,NA,NA,NA,"Voting",FALSE
"46",46,1941,"Dolph Camilli","NL","BRO",300,19,6.8,149,529,92,151,34,120,3,104,0.285,0.407,0.556,0.962,NA,NA,NA,NA,NA,NA,NA,NA,NA,NA,NA,NA,"BRO",6.8,0.285,0.407,0.556,34,120,3,NA,NA,NA,NA,NA,NA,"Voting",FALSE
"47",47,1942,"Joe Gordon","AL","NYY",270,12,7.7,147,538,88,173,18,103,12,79,0.322,0.409,0.491,0.9,NA,NA,NA,NA,NA,NA,NA,NA,NA,NA,NA,NA,"NYY",7.7,0.322,0.409,0.491,18,103,12,NA,NA,NA,NA,NA,NA,"Voting",FALSE
"48",48,1942,"Mort Cooper","NL","STL",263,13,8.3,37,103,6,19,0,7,0,3,0.184,0.208,0.194,0.402,22,7,1.78,0.987,37,35,0,278.2,207,9,68,152,"STL",8.3,0.184,0.208,0.194,0,7,0,22,7,0,1.78,278.2,152,"Voting",TRUE
"49",49,1943,"Spud Chandler","AL","NYY",246,12,7.3,30,97,9,25,2,7,0,1,0.258,0.287,0.371,0.658,20,4,1.64,0.992,30,30,0,253,197,5,54,134,"NYY",7.3,0.258,0.287,0.371,2,7,0,20,4,0,1.64,253,134,"Voting",TRUE
"50",50,1943,"Stan Musial","NL","STL",267,13,9.5,157,617,108,220,13,81,9,72,0.357,0.425,0.562,0.988,NA,NA,NA,NA,NA,NA,NA,NA,NA,NA,NA,NA,"STL",9.5,0.357,0.425,0.562,13,81,9,NA,NA,NA,NA,NA,NA,"Voting",FALSE
"51",51,1944,"Hal Newhouser","AL","DET",236,7,8.4,47,120,10,29,0,5,1,6,0.242,0.278,0.275,0.553,29,9,2.22,1.172,47,34,2,312.1,264,6,102,187,"DET",8.4,0.242,0.278,0.275,0,5,1,29,9,2,2.22,312.1,187,"Voting",TRUE
"52",52,1944,"Marty Marion","NL","STL",190,7,4.5,144,506,50,135,6,63,1,43,0.267,0.324,0.362,0.686,NA,NA,NA,NA,NA,NA,NA,NA,NA,NA,NA,NA,"STL",4.5,0.267,0.324,0.362,6,63,1,NA,NA,NA,NA,NA,NA,"Voting",FALSE
"53",53,1945,"Hal Newhouser","AL","DET",236,9,12.2,40,109,8,28,0,17,0,7,0.257,0.302,0.321,0.623,25,9,1.81,1.114,40,36,2,313.1,239,5,110,212,"DET",12.2,0.257,0.302,0.321,0,17,0,25,9,2,1.81,313.1,212,"Voting",TRUE
"54",54,1945,"Phil Cavarretta","NL","CHC",279,15,5.9,132,498,94,177,6,97,5,81,0.355,0.449,0.5,0.949,NA,NA,NA,NA,NA,NA,NA,NA,NA,NA,NA,NA,"CHC",5.9,0.355,0.449,0.5,6,97,5,NA,NA,NA,NA,NA,NA,"Voting",FALSE
"55",55,1946,"Ted Williams","AL","BOS",224,9,10.6,150,514,142,176,38,123,0,156,0.342,0.497,0.667,1.164,NA,NA,NA,NA,NA,NA,NA,NA,NA,NA,NA,NA,"BOS",10.6,0.342,0.497,0.667,38,123,0,NA,NA,NA,NA,NA,NA,"Voting",FALSE
"56",56,1946,"Stan Musial","NL","STL",319,22,9.3,156,624,124,228,16,103,7,73,0.365,0.434,0.587,1.021,NA,NA,NA,NA,NA,NA,NA,NA,NA,NA,NA,NA,"STL",9.3,0.365,0.434,0.587,16,103,7,NA,NA,NA,NA,NA,NA,"Voting",FALSE
"57",57,1947,"Joe DiMaggio","AL","NYY",202,8,4.7,141,534,97,168,20,97,3,64,0.315,0.391,0.522,0.913,NA,NA,NA,NA,NA,NA,NA,NA,NA,NA,NA,NA,"NYY",4.7,0.315,0.391,0.522,20,97,3,NA,NA,NA,NA,NA,NA,"Voting",FALSE
"58",58,1947,"Bob Elliott","NL","BSN",205,9,6.5,150,555,93,176,22,113,3,87,0.317,0.41,0.517,0.927,NA,NA,NA,NA,NA,NA,NA,NA,NA,NA,NA,NA,"BSN",6.5,0.317,0.41,0.517,22,113,3,NA,NA,NA,NA,NA,NA,"Voting",FALSE
"59",59,1948,"Lou Boudreau","AL","CLE",324,22,10.4,152,560,116,199,18,106,3,98,0.355,0.453,0.534,0.987,NA,NA,NA,NA,NA,NA,NA,NA,NA,NA,NA,NA,"CLE",10.4,0.355,0.453,0.534,18,106,3,NA,NA,NA,NA,NA,NA,"Voting",FALSE
"60",60,1948,"Stan Musial","NL","STL",303,18,11.3,155,611,135,230,39,131,7,79,0.376,0.45,0.702,1.152,NA,NA,NA,NA,NA,NA,NA,NA,NA,NA,NA,NA,"STL",11.3,0.376,0.45,0.702,39,131,7,NA,NA,NA,NA,NA,NA,"Voting",FALSE
"61",61,1949,"Ted Williams","AL","BOS",272,13,9,155,566,150,194,43,159,1,162,0.343,0.49,0.65,1.141,NA,NA,NA,NA,NA,NA,NA,NA,NA,NA,NA,NA,"BOS",9,0.343,0.49,0.65,43,159,1,NA,NA,NA,NA,NA,NA,"Voting",FALSE
"62",62,1949,"Jackie Robinson","NL","BRO",264,12,9.3,156,593,122,203,16,124,37,86,0.342,0.432,0.528,0.96,NA,NA,NA,NA,NA,NA,NA,NA,NA,NA,NA,NA,"BRO",9.3,0.342,0.432,0.528,16,124,37,NA,NA,NA,NA,NA,NA,"Voting",FALSE
"63",63,1950,"Phil Rizzuto","AL","NYY",284,16,6.8,155,617,125,200,7,66,12,92,0.324,0.418,0.439,0.857,NA,NA,NA,NA,NA,NA,NA,NA,NA,NA,NA,NA,"NYY",6.8,0.324,0.418,0.439,7,66,12,NA,NA,NA,NA,NA,NA,"Voting",FALSE
"64",64,1950,"Jim Konstanty","NL","PHI",286,18,4.4,74,37,0,4,0,3,0,0,0.108,0.108,0.108,0.216,16,7,2.66,1.039,74,0,22,152,108,11,50,56,"PHI",4.4,0.108,0.108,0.108,0,3,0,16,7,22,2.66,152,56,"Voting",TRUE
"65",65,1951,"Yogi Berra","AL","NYY",184,6,5.3,141,547,92,161,27,88,5,44,0.294,0.35,0.492,0.842,NA,NA,NA,NA,NA,NA,NA,NA,NA,NA,NA,NA,"NYY",5.3,0.294,0.35,0.492,27,88,5,NA,NA,NA,NA,NA,NA,"Voting",FALSE
"66",66,1951,"Roy Campanella","NL","BRO",243,11,6.9,143,505,90,164,33,108,1,53,0.325,0.393,0.59,0.983,NA,NA,NA,NA,NA,NA,NA,NA,NA,NA,NA,NA,"BRO",6.9,0.325,0.393,0.59,33,108,1,NA,NA,NA,NA,NA,NA,"Voting",FALSE
"67",67,1952,"Bobby Shantz","AL","PHA",280,16,9.4,34,96,13,19,0,12,0,5,0.198,0.252,0.26,0.513,24,7,2.48,1.048,33,33,0,279.2,230,21,63,152,"PHA",9.4,0.198,0.252,0.26,0,12,0,24,7,0,2.48,279.2,152,"Voting",TRUE
"68",68,1952,"Hank Sauer","NL","CHC",226,8,5.6,151,567,89,153,37,121,1,77,0.27,0.361,0.531,0.892,NA,NA,NA,NA,NA,NA,NA,NA,NA,NA,NA,NA,"CHC",5.6,0.27,0.361,0.531,37,121,1,NA,NA,NA,NA,NA,NA,"Voting",FALSE
"69",69,1953,"Al Rosen","AL","CLE",336,24,10.2,155,599,115,201,43,145,8,85,0.336,0.422,0.613,1.034,NA,NA,NA,NA,NA,NA,NA,NA,NA,NA,NA,NA,"CLE",10.2,0.336,0.422,0.613,43,145,8,NA,NA,NA,NA,NA,NA,"Voting",FALSE
"70",70,1953,"Roy Campanella","NL","BRO",297,17,6.8,144,519,103,162,41,142,4,67,0.312,0.395,0.611,1.006,NA,NA,NA,NA,NA,NA,NA,NA,NA,NA,NA,NA,"BRO",6.8,0.312,0.395,0.611,41,142,4,NA,NA,NA,NA,NA,NA,"Voting",FALSE
"71",71,1954,"Yogi Berra","AL","NYY",230,7,5.3,151,584,88,179,22,125,0,56,0.307,0.367,0.488,0.855,NA,NA,NA,NA,NA,NA,NA,NA,NA,NA,NA,NA,"NYY",5.3,0.307,0.367,0.488,22,125,0,NA,NA,NA,NA,NA,NA,"Voting",FALSE
"72",72,1954,"Willie Mays","NL","NYG",283,16,10.5,151,565,119,195,41,110,8,66,0.345,0.411,0.667,1.078,NA,NA,NA,NA,NA,NA,NA,NA,NA,NA,NA,NA,"NYG",10.5,0.345,0.411,0.667,41,110,8,NA,NA,NA,NA,NA,NA,"Voting",FALSE
"73",73,1955,"Yogi Berra","AL","NYY",218,7,4.5,147,541,84,147,27,108,1,60,0.272,0.349,0.47,0.819,NA,NA,NA,NA,NA,NA,NA,NA,NA,NA,NA,NA,"NYY",4.5,0.272,0.349,0.47,27,108,1,NA,NA,NA,NA,NA,NA,"Voting",FALSE
"74",74,1955,"Roy Campanella","NL","BRO",226,8,5.2,123,446,81,142,32,107,2,56,0.318,0.395,0.583,0.978,NA,NA,NA,NA,NA,NA,NA,NA,NA,NA,NA,NA,"BRO",5.2,0.318,0.395,0.583,32,107,2,NA,NA,NA,NA,NA,NA,"Voting",FALSE
"75",75,1956,"Mickey Mantle","AL","NYY",336,24,11.2,150,533,132,188,52,130,10,112,0.353,0.464,0.705,1.169,NA,NA,NA,NA,NA,NA,NA,NA,NA,NA,NA,NA,"NYY",11.2,0.353,0.464,0.705,52,130,10,NA,NA,NA,NA,NA,NA,"Voting",FALSE
"76",76,1956,"Don Newcombe","NL","BRO",223,8,5.3,52,111,13,26,2,16,1,12,0.234,0.312,0.342,0.654,27,7,3.06,0.989,38,36,0,268,219,33,46,139,"BRO",5.3,0.234,0.312,0.342,2,16,1,27,7,0,3.06,268,139,"Voting",TRUE
"77",77,1957,"Mickey Mantle","AL","NYY",233,6,11.3,144,474,121,173,34,94,16,146,0.365,0.512,0.665,1.177,NA,NA,NA,NA,NA,NA,NA,NA,NA,NA,NA,NA,"NYY",11.3,0.365,0.512,0.665,34,94,16,NA,NA,NA,NA,NA,NA,"Voting",FALSE
"78",78,1957,"Henry Aaron","NL","MLN",239,9,8,151,615,118,198,44,132,1,57,0.322,0.378,0.6,0.978,NA,NA,NA,NA,NA,NA,NA,NA,NA,NA,NA,NA,"MLN",8,0.322,0.378,0.6,44,132,1,NA,NA,NA,NA,NA,NA,"Voting",FALSE
"79",79,1958,"Jackie Jensen","AL","BOS",233,9,4.9,154,548,83,157,35,122,9,99,0.286,0.396,0.535,0.931,NA,NA,NA,NA,NA,NA,NA,NA,NA,NA,NA,NA,"BOS",4.9,0.286,0.396,0.535,35,122,9,NA,NA,NA,NA,NA,NA,"Voting",FALSE
"80",80,1958,"Ernie Banks","NL","CHC",283,16,9.3,154,617,119,193,47,129,4,52,0.313,0.366,0.614,0.98,NA,NA,NA,NA,NA,NA,NA,NA,NA,NA,NA,NA,"CHC",9.3,0.313,0.366,0.614,47,129,4,NA,NA,NA,NA,NA,NA,"Voting",FALSE
"81",81,1959,"Nellie Fox","AL","CHW",295,16,6.1,156,624,84,191,2,70,5,71,0.306,0.38,0.389,0.77,NA,NA,NA,NA,NA,NA,NA,NA,NA,NA,NA,NA,"CHW",6.1,0.306,0.38,0.389,2,70,5,NA,NA,NA,NA,NA,NA,"Voting",FALSE
"82",82,1959,"Ernie Banks","NL","CHC",232,10,10.2,155,589,97,179,45,143,2,64,0.304,0.374,0.596,0.97,NA,NA,NA,NA,NA,NA,NA,NA,NA,NA,NA,NA,"CHC",10.2,0.304,0.374,0.596,45,143,2,NA,NA,NA,NA,NA,NA,"Voting",FALSE
"83",83,1960,"Roger Maris","AL","NYY",225,8,7.5,136,499,98,141,39,112,2,70,0.283,0.371,0.581,0.952,NA,NA,NA,NA,NA,NA,NA,NA,NA,NA,NA,NA,"NYY",7.5,0.283,0.371,0.581,39,112,2,NA,NA,NA,NA,NA,NA,"Voting",FALSE
"84",84,1960,"Dick Groat","NL","PIT",276,16,6.1,138,573,85,186,2,50,0,39,0.325,0.371,0.394,0.766,NA,NA,NA,NA,NA,NA,NA,NA,NA,NA,NA,NA,"PIT",6.1,0.325,0.371,0.394,2,50,0,NA,NA,NA,NA,NA,NA,"Voting",FALSE
"85",85,1961,"Roger Maris","AL","NYY",202,7,6.9,161,590,132,159,61,141,0,94,0.269,0.372,0.62,0.993,NA,NA,NA,NA,NA,NA,NA,NA,NA,NA,NA,NA,"NYY",6.9,0.269,0.372,0.62,61,141,0,NA,NA,NA,NA,NA,NA,"Voting",FALSE
"86",86,1961,"Frank Robinson","NL","CIN",219,15,7.7,153,545,117,176,37,124,22,71,0.323,0.404,0.611,1.015,NA,NA,NA,NA,NA,NA,NA,NA,NA,NA,NA,NA,"CIN",7.7,0.323,0.404,0.611,37,124,22,NA,NA,NA,NA,NA,NA,"Voting",FALSE
"87",87,1962,"Mickey Mantle","AL","NYY",234,13,6,123,377,96,121,30,89,9,122,0.321,0.486,0.605,1.091,NA,NA,NA,NA,NA,NA,NA,NA,NA,NA,NA,NA,"NYY",6,0.321,0.486,0.605,30,89,9,NA,NA,NA,NA,NA,NA,"Voting",FALSE
"88",88,1962,"Maury Wills","NL","LAD",209,8,6,165,695,130,208,6,48,104,51,0.299,0.347,0.373,0.72,NA,NA,NA,NA,NA,NA,NA,NA,NA,NA,NA,NA,"LAD",6,0.299,0.347,0.373,6,48,104,NA,NA,NA,NA,NA,NA,"Voting",FALSE
"89",89,1963,"Elston Howard","AL","NYY",248,15,5.2,135,487,75,140,28,85,0,35,0.287,0.342,0.528,0.869,NA,NA,NA,NA,NA,NA,NA,NA,NA,NA,NA,NA,"NYY",5.2,0.287,0.342,0.528,28,85,0,NA,NA,NA,NA,NA,NA,"Voting",FALSE
"90",90,1963,"Sandy Koufax","NL","LAD",237,14,9.9,40,110,3,7,1,7,0,6,0.064,0.111,0.091,0.202,25,5,1.88,0.875,40,40,0,311,214,18,58,306,"LAD",9.9,0.064,0.111,0.091,1,7,0,25,5,0,1.88,311,306,"Voting",TRUE
"91",91,1964,"Brooks Robinson","AL","BAL",269,18,8.1,163,612,82,194,28,118,1,51,0.317,0.368,0.521,0.889,NA,NA,NA,NA,NA,NA,NA,NA,NA,NA,NA,NA,"BAL",8.1,0.317,0.368,0.521,28,118,1,NA,NA,NA,NA,NA,NA,"Voting",FALSE
"92",92,1964,"Ken Boyer","NL","STL",243,14,6.1,162,628,100,185,24,119,3,70,0.295,0.365,0.489,0.854,NA,NA,NA,NA,NA,NA,NA,NA,NA,NA,NA,NA,"STL",6.1,0.295,0.365,0.489,24,119,3,NA,NA,NA,NA,NA,NA,"Voting",FALSE
"93",93,1965,"Zoilo Versalles","AL","MIN",275,19,7.2,160,666,126,182,19,77,27,41,0.273,0.319,0.462,0.781,NA,NA,NA,NA,NA,NA,NA,NA,NA,NA,NA,NA,"MIN",7.2,0.273,0.319,0.462,19,77,27,NA,NA,NA,NA,NA,NA,"Voting",FALSE
"94",94,1965,"Willie Mays","NL","SFG",224,9,11.2,157,558,118,177,52,112,9,76,0.317,0.398,0.645,1.043,NA,NA,NA,NA,NA,NA,NA,NA,NA,NA,NA,NA,"SFG",11.2,0.317,0.398,0.645,52,112,9,NA,NA,NA,NA,NA,NA,"Voting",FALSE
"95",95,1966,"Frank Robinson","AL","BAL",280,20,7.7,155,576,122,182,49,122,8,87,0.316,0.41,0.637,1.047,NA,NA,NA,NA,NA,NA,NA,NA,NA,NA,NA,NA,"BAL",7.7,0.316,0.41,0.637,49,122,8,NA,NA,NA,NA,NA,NA,"Voting",FALSE
"96",96,1966,"Roberto Clemente","NL","PIT",218,8,8.2,154,638,105,202,29,119,7,46,0.317,0.36,0.536,0.896,NA,NA,NA,NA,NA,NA,NA,NA,NA,NA,NA,NA,"PIT",8.2,0.317,0.36,0.536,29,119,7,NA,NA,NA,NA,NA,NA,"Voting",FALSE
"97",97,1967,"Carl Yastrzemski","AL","BOS",275,19,12.5,161,579,112,189,44,121,10,91,0.326,0.418,0.622,1.04,NA,NA,NA,NA,NA,NA,NA,NA,NA,NA,NA,NA,"BOS",12.5,0.326,0.418,0.622,44,121,10,NA,NA,NA,NA,NA,NA,"Voting",FALSE
"98",98,1967,"Orlando Cepeda","NL","STL",280,20,6.8,151,563,91,183,25,111,11,62,0.325,0.399,0.524,0.923,NA,NA,NA,NA,NA,NA,NA,NA,NA,NA,NA,NA,"STL",6.8,0.325,0.399,0.524,25,111,11,NA,NA,NA,NA,NA,NA,"Voting",FALSE
"99",99,1968,"Denny McLain","AL","DET",280,20,7.4,44,111,7,18,0,4,0,1,0.162,0.17,0.189,0.359,31,6,1.96,0.905,41,41,0,336,241,31,63,280,"DET",7.4,0.162,0.17,0.189,0,4,0,31,6,0,1.96,336,280,"Voting",TRUE
"100",100,1968,"Bob Gibson","NL","STL",242,14,11.9,35,94,3,16,0,6,1,7,0.17,0.233,0.223,0.456,22,9,1.12,0.853,34,34,0,304.2,198,11,62,268,"STL",11.9,0.17,0.233,0.223,0,6,1,22,9,0,1.12,304.2,268,"Voting",TRUE
"101",101,1969,"Harmon Killebrew","AL","MIN",294,16,6.1,162,555,106,153,49,140,8,145,0.276,0.427,0.584,1.011,NA,NA,NA,NA,NA,NA,NA,NA,NA,NA,NA,NA,"MIN",6.1,0.276,0.427,0.584,49,140,8,NA,NA,NA,NA,NA,NA,"Voting",FALSE
"102",102,1969,"Willie McCovey","NL","SFG",265,11,8.1,149,491,101,157,45,126,0,121,0.32,0.453,0.656,1.108,NA,NA,NA,NA,NA,NA,NA,NA,NA,NA,NA,NA,"SFG",8.1,0.32,0.453,0.656,45,126,0,NA,NA,NA,NA,NA,NA,"Voting",FALSE
"103",103,1970,"Boog Powell","AL","BAL",234,11,5.1,154,526,82,156,35,114,1,104,0.297,0.412,0.549,0.962,NA,NA,NA,NA,NA,NA,NA,NA,NA,NA,NA,NA,"BAL",5.1,0.297,0.412,0.549,35,114,1,NA,NA,NA,NA,NA,NA,"Voting",FALSE
"104",104,1970,"Johnny Bench","NL","CIN",326,22,7.4,158,605,97,177,45,148,5,54,0.293,0.345,0.587,0.932,NA,NA,NA,NA,NA,NA,NA,NA,NA,NA,NA,NA,"CIN",7.4,0.293,0.345,0.587,45,148,5,NA,NA,NA,NA,NA,NA,"Voting",FALSE
"105",105,1971,"Vida Blue","AL","OAK",268,14,8.5,39,102,6,12,0,2,0,4,0.118,0.167,0.127,0.294,24,8,1.82,0.952,39,39,0,312,209,19,88,301,"OAK",8.5,0.118,0.167,0.127,0,2,0,24,8,0,1.82,312,301,"Voting",TRUE
"106",106,1971,"Joe Torre","NL","STL",318,21,5.9,161,634,97,230,24,137,4,63,0.363,0.421,0.555,0.976,NA,NA,NA,NA,NA,NA,NA,NA,NA,NA,NA,NA,"STL",5.9,0.363,0.421,0.555,24,137,4,NA,NA,NA,NA,NA,NA,"Voting",FALSE
"107",107,1972,"Dick Allen","AL","CHW",321,21,8.6,148,506,90,156,37,113,19,99,0.308,0.42,0.603,1.023,NA,NA,NA,NA,NA,NA,NA,NA,NA,NA,NA,NA,"CHW",8.6,0.308,0.42,0.603,37,113,19,NA,NA,NA,NA,NA,NA,"Voting",FALSE
"108",108,1972,"Johnny Bench","NL","CIN",263,11,8.6,147,538,87,145,40,125,6,100,0.27,0.379,0.541,0.92,NA,NA,NA,NA,NA,NA,NA,NA,NA,NA,NA,NA,"CIN",8.6,0.27,0.379,0.541,40,125,6,NA,NA,NA,NA,NA,NA,"Voting",FALSE
"109",109,1973,"Reggie Jackson","AL","OAK",336,24,7.8,151,539,99,158,32,117,22,76,0.293,0.383,0.531,0.914,NA,NA,NA,NA,NA,NA,NA,NA,NA,NA,NA,NA,"OAK",7.8,0.293,0.383,0.531,32,117,22,NA,NA,NA,NA,NA,NA,"Voting",FALSE
"110",110,1973,"Pete Rose","NL","CIN",274,12,8.3,160,680,115,230,5,64,10,65,0.338,0.401,0.437,0.838,NA,NA,NA,NA,NA,NA,NA,NA,NA,NA,NA,NA,"CIN",8.3,0.338,0.401,0.437,5,64,10,NA,NA,NA,NA,NA,NA,"Voting",FALSE
"111",111,1974,"Jeff Burroughs","AL","TEX",248,10,3.6,152,554,84,167,25,118,2,91,0.301,0.397,0.504,0.901,NA,NA,NA,NA,NA,NA,NA,NA,NA,NA,NA,NA,"TEX",3.6,0.301,0.397,0.504,25,118,2,NA,NA,NA,NA,NA,NA,"Voting",FALSE
"112",112,1974,"Steve Garvey","NL","LAD",270,13,4.4,156,642,95,200,21,111,5,31,0.312,0.342,0.469,0.811,NA,NA,NA,NA,NA,NA,NA,NA,NA,NA,NA,NA,"LAD",4.4,0.312,0.342,0.469,21,111,5,NA,NA,NA,NA,NA,NA,"Voting",FALSE
"113",113,1975,"Fred Lynn","AL","BOS",326,22,7.4,145,528,103,175,21,105,10,62,0.331,0.401,0.566,0.967,NA,NA,NA,NA,NA,NA,NA,NA,NA,NA,NA,NA,"BOS",7.4,0.331,0.401,0.566,21,105,10,NA,NA,NA,NA,NA,NA,"Voting",FALSE
"114",114,1975,"Joe Morgan","NL","CIN",321,21,11,146,498,107,163,17,94,67,132,0.327,0.466,0.508,0.974,NA,NA,NA,NA,NA,NA,NA,NA,NA,NA,NA,NA,"CIN",11,0.327,0.466,0.508,17,94,67,NA,NA,NA,NA,NA,NA,"Voting",FALSE
"115",115,1976,"Thurman Munson","AL","NYY",304,18,5.3,152,616,79,186,17,105,14,29,0.302,0.337,0.432,0.769,NA,NA,NA,NA,NA,NA,NA,NA,NA,NA,NA,NA,"NYY",5.3,0.302,0.337,0.432,17,105,14,NA,NA,NA,NA,NA,NA,"Voting",FALSE
"116",116,1976,"Joe Morgan","NL","CIN",311,19,9.6,141,472,113,151,27,111,60,114,0.32,0.444,0.576,1.02,NA,NA,NA,NA,NA,NA,NA,NA,NA,NA,NA,NA,"CIN",9.6,0.32,0.444,0.576,27,111,60,NA,NA,NA,NA,NA,NA,"Voting",FALSE
"117",117,1977,"Rod Carew","AL","MIN",273,12,9.7,155,616,128,239,14,100,23,69,0.388,0.449,0.57,1.019,NA,NA,NA,NA,NA,NA,NA,NA,NA,NA,NA,NA,"MIN",9.7,0.388,0.449,0.57,14,100,23,NA,NA,NA,NA,NA,NA,"Voting",FALSE
"118",118,1977,"George Foster","NL","CIN",291,15,8.4,158,615,124,197,52,149,6,61,0.32,0.382,0.631,1.013,NA,NA,NA,NA,NA,NA,NA,NA,NA,NA,NA,NA,"CIN",8.4,0.32,0.382,0.631,52,149,6,NA,NA,NA,NA,NA,NA,"Voting",FALSE
"119",119,1978,"Jim Rice","AL","BOS",352,20,7.6,163,677,121,213,46,139,7,58,0.315,0.37,0.6,0.97,NA,NA,NA,NA,NA,NA,NA,NA,NA,NA,NA,NA,"BOS",7.6,0.315,0.37,0.6,46,139,7,NA,NA,NA,NA,NA,NA,"Voting",FALSE
"120",120,1978,"Dave Parker","NL","PIT",320,21,7,148,581,102,194,30,117,20,57,0.334,0.394,0.585,0.979,NA,NA,NA,NA,NA,NA,NA,NA,NA,NA,NA,NA,"PIT",7,0.334,0.394,0.585,30,117,20,NA,NA,NA,NA,NA,NA,"Voting",FALSE
"121",121,1979,"Don Baylor","AL","CAL",347,20,3.7,162,628,120,186,36,139,22,71,0.296,0.371,0.53,0.901,NA,NA,NA,NA,NA,NA,NA,NA,NA,NA,NA,NA,"CAL",3.7,0.296,0.371,0.53,36,139,22,NA,NA,NA,NA,NA,NA,"Voting",FALSE
"122",122,1979,"Keith Hernandez","NL","STL",216,4,7.6,161,610,116,210,11,105,11,80,0.344,0.417,0.513,0.93,NA,NA,NA,NA,NA,NA,NA,NA,NA,NA,NA,NA,"STL",7.6,0.344,0.417,0.513,11,105,11,NA,NA,NA,NA,NA,NA,"Voting",FALSE
"123",123,1980,"George Brett","AL","KCR",335,17,9.4,117,449,87,175,24,118,15,58,0.39,0.454,0.664,1.118,NA,NA,NA,NA,NA,NA,NA,NA,NA,NA,NA,NA,"KCR",9.4,0.39,0.454,0.664,24,118,15,NA,NA,NA,NA,NA,NA,"Voting",FALSE
"124",124,1980,"Mike Schmidt","NL","PHI",336,24,8.9,150,548,104,157,48,121,12,89,0.286,0.38,0.624,1.004,NA,NA,NA,NA,NA,NA,NA,NA,NA,NA,NA,NA,"PHI",8.9,0.286,0.38,0.624,48,121,12,NA,NA,NA,NA,NA,NA,"Voting",FALSE
"125",125,1981,"Rollie Fingers","AL","MIL",319,15,4.2,1,0,0,0,0,0,0,0,NA,NA,NA,NA,6,3,1.04,0.872,47,0,28,78,55,3,13,61,"MIL",4.2,NA,NA,NA,NA,NA,NA,6,3,28,1.04,78,61,"Voting",TRUE
"126",126,1981,"Mike Schmidt","NL","PHI",321,21,7.7,102,354,78,112,31,91,12,73,0.316,0.435,0.644,1.08,NA,NA,NA,NA,NA,NA,NA,NA,NA,NA,NA,NA,"PHI",7.7,0.316,0.435,0.644,31,91,12,NA,NA,NA,NA,NA,NA,"Voting",FALSE
"127",127,1982,"Robin Yount","AL","MIL",385,27,10.6,156,635,129,210,29,114,14,54,0.331,0.379,0.578,0.957,NA,NA,NA,NA,NA,NA,NA,NA,NA,NA,NA,NA,"MIL",10.6,0.331,0.379,0.578,29,114,14,NA,NA,NA,NA,NA,NA,"Voting",FALSE
"128",128,1982,"Dale Murphy","NL","ATL",283,14,6.1,162,598,113,168,36,109,23,93,0.281,0.378,0.507,0.885,NA,NA,NA,NA,NA,NA,NA,NA,NA,NA,NA,NA,"ATL",6.1,0.281,0.378,0.507,36,109,23,NA,NA,NA,NA,NA,NA,"Voting",FALSE
"129",129,1983,"Cal Ripken Jr.","AL","BAL",322,15,8.2,162,663,121,211,27,102,0,58,0.318,0.371,0.517,0.888,NA,NA,NA,NA,NA,NA,NA,NA,NA,NA,NA,NA,"BAL",8.2,0.318,0.371,0.517,27,102,0,NA,NA,NA,NA,NA,NA,"Voting",FALSE
"130",130,1983,"Dale Murphy","NL","ATL",318,21,7.1,162,589,131,178,36,121,30,90,0.302,0.393,0.54,0.933,NA,NA,NA,NA,NA,NA,NA,NA,NA,NA,NA,NA,"ATL",7.1,0.302,0.393,0.54,36,121,30,NA,NA,NA,NA,NA,NA,"Voting",FALSE
"131",131,1984,"Willie Hernández","AL","DET",306,16,4.8,2,0,0,0,0,0,0,0,NA,NA,NA,NA,9,3,1.92,0.941,80,0,32,140.1,96,6,36,112,"DET",4.8,NA,NA,NA,NA,NA,NA,9,3,32,1.92,140.1,112,"Voting",TRUE
"132",132,1984,"Ryne Sandberg","NL","CHC",326,22,8.5,156,636,114,200,19,84,32,52,0.314,0.367,0.52,0.887,NA,NA,NA,NA,NA,NA,NA,NA,NA,NA,NA,NA,"CHC",8.5,0.314,0.367,0.52,19,84,32,NA,NA,NA,NA,NA,NA,"Voting",FALSE
"133",133,1985,"Don Mattingly","AL","NYY",367,23,6.5,159,652,107,211,35,145,2,56,0.324,0.371,0.567,0.939,NA,NA,NA,NA,NA,NA,NA,NA,NA,NA,NA,NA,"NYY",6.5,0.324,0.371,0.567,35,145,2,NA,NA,NA,NA,NA,NA,"Voting",FALSE
"134",134,1985,"Willie McGee","NL","STL",280,14,8.2,152,612,114,216,10,82,56,34,0.353,0.384,0.503,0.887,NA,NA,NA,NA,NA,NA,NA,NA,NA,NA,NA,NA,"STL",8.2,0.353,0.384,0.503,10,82,56,NA,NA,NA,NA,NA,NA,"Voting",FALSE
"135",135,1986,"Roger Clemens","AL","BOS",339,19,8.8,0,0,0,0,0,0,0,0,NA,NA,NA,NA,24,4,2.48,0.969,33,33,0,254,179,21,67,238,"BOS",8.8,NA,NA,NA,NA,NA,NA,24,4,0,2.48,254,238,"Voting",TRUE
"136",136,1986,"Mike Schmidt","NL","PHI",287,15,6.1,160,552,97,160,37,119,1,89,0.29,0.39,0.547,0.937,NA,NA,NA,NA,NA,NA,NA,NA,NA,NA,NA,NA,"PHI",6.1,0.29,0.39,0.547,37,119,1,NA,NA,NA,NA,NA,NA,"Voting",FALSE
"137",137,1987,"George Bell","AL","TOR",332,16,5,156,610,111,188,47,134,5,39,0.308,0.352,0.605,0.957,NA,NA,NA,NA,NA,NA,NA,NA,NA,NA,NA,NA,"TOR",5,0.308,0.352,0.605,47,134,5,NA,NA,NA,NA,NA,NA,"Voting",FALSE
"138",138,1987,"Andre Dawson","NL","CHC",269,11,4,153,621,90,178,49,137,11,32,0.287,0.328,0.568,0.896,NA,NA,NA,NA,NA,NA,NA,NA,NA,NA,NA,NA,"CHC",4,0.287,0.328,0.568,49,137,11,NA,NA,NA,NA,NA,NA,"Voting",FALSE
"139",139,1988,"José Canseco","AL","OAK",392,28,7.3,158,610,120,187,42,124,40,78,0.307,0.391,0.569,0.959,NA,NA,NA,NA,NA,NA,NA,NA,NA,NA,NA,NA,"OAK",7.3,0.307,0.391,0.569,42,124,40,NA,NA,NA,NA,NA,NA,"Voting",FALSE
"140",140,1988,"Kirk Gibson","NL","LAD",272,13,6.5,150,542,106,157,25,76,31,73,0.29,0.377,0.483,0.86,NA,NA,NA,NA,NA,NA,NA,NA,NA,NA,NA,NA,"LAD",6.5,0.29,0.377,0.483,25,76,31,NA,NA,NA,NA,NA,NA,"Voting",FALSE
"141",141,1989,"Robin Yount","AL","MIL",256,8,5.8,160,614,101,195,21,103,19,63,0.318,0.384,0.511,0.896,NA,NA,NA,NA,NA,NA,NA,NA,NA,NA,NA,NA,"MIL",5.8,0.318,0.384,0.511,21,103,19,NA,NA,NA,NA,NA,NA,"Voting",FALSE
"142",142,1989,"Kevin Mitchell","NL","SFG",314,20,6.9,154,543,100,158,47,125,3,87,0.291,0.388,0.635,1.023,NA,NA,NA,NA,NA,NA,NA,NA,NA,NA,NA,NA,"SFG",6.9,0.291,0.388,0.635,47,125,3,NA,NA,NA,NA,NA,NA,"Voting",FALSE
"143",143,1990,"Rickey Henderson","AL","OAK",317,14,9.9,136,489,119,159,28,61,65,97,0.325,0.439,0.577,1.016,NA,NA,NA,NA,NA,NA,NA,NA,NA,NA,NA,NA,"OAK",9.9,0.325,0.439,0.577,28,61,65,NA,NA,NA,NA,NA,NA,"Voting",FALSE
"144",144,1990,"Barry Bonds","NL","PIT",331,23,9.7,151,519,104,156,33,114,52,93,0.301,0.406,0.565,0.97,NA,NA,NA,NA,NA,NA,NA,NA,NA,NA,NA,NA,"PIT",9.7,0.301,0.406,0.565,33,114,52,NA,NA,NA,NA,NA,NA,"Voting",FALSE
"145",145,1991,"Cal Ripken Jr.","AL","BAL",318,15,11.5,162,650,99,210,34,114,6,53,0.323,0.374,0.566,0.94,NA,NA,NA,NA,NA,NA,NA,NA,NA,NA,NA,NA,"BAL",11.5,0.323,0.374,0.566,34,114,6,NA,NA,NA,NA,NA,NA,"Voting",FALSE
"146",146,1991,"Terry Pendleton","NL","ATL",274,12,6.1,153,586,94,187,22,86,10,43,0.319,0.363,0.517,0.88,NA,NA,NA,NA,NA,NA,NA,NA,NA,NA,NA,NA,"ATL",6.1,0.319,0.363,0.517,22,86,10,NA,NA,NA,NA,NA,NA,"Voting",FALSE
"147",147,1992,"Dennis Eckersley","AL","OAK",306,15,2.9,0,0,0,0,0,0,0,0,NA,NA,NA,NA,7,1,1.91,0.913,69,0,51,80,62,5,11,93,"OAK",2.9,NA,NA,NA,NA,NA,NA,7,1,51,1.91,80,93,"Voting",TRUE
"148",148,1992,"Barry Bonds","NL","PIT",304,18,9,140,473,109,147,34,103,39,127,0.311,0.456,0.624,1.08,NA,NA,NA,NA,NA,NA,NA,NA,NA,NA,NA,NA,"PIT",9,0.311,0.456,0.624,34,103,39,NA,NA,NA,NA,NA,NA,"Voting",FALSE
"149",149,1993,"Frank Thomas","AL","CHW",392,28,6.2,153,549,106,174,41,128,4,112,0.317,0.426,0.607,1.033,NA,NA,NA,NA,NA,NA,NA,NA,NA,NA,NA,NA,"CHW",6.2,0.317,0.426,0.607,41,128,4,NA,NA,NA,NA,NA,NA,"Voting",FALSE
"150",150,1993,"Barry Bonds","NL","SFG",372,24,9.9,159,539,129,181,46,123,29,126,0.336,0.458,0.677,1.136,NA,NA,NA,NA,NA,NA,NA,NA,NA,NA,NA,NA,"SFG",9.9,0.336,0.458,0.677,46,123,29,NA,NA,NA,NA,NA,NA,"Voting",FALSE
"151",151,1994,"Frank Thomas","AL","CHW",372,24,6.4,113,399,106,141,38,101,2,109,0.353,0.487,0.729,1.217,NA,NA,NA,NA,NA,NA,NA,NA,NA,NA,NA,NA,"CHW",6.4,0.353,0.487,0.729,38,101,2,NA,NA,NA,NA,NA,NA,"Voting",FALSE
"152",152,1994,"Jeff Bagwell","NL","HOU",392,28,8.2,110,400,104,147,39,116,15,65,0.368,0.451,0.75,1.201,NA,NA,NA,NA,NA,NA,NA,NA,NA,NA,NA,NA,"HOU",8.2,0.368,0.451,0.75,39,116,15,NA,NA,NA,NA,NA,NA,"Voting",FALSE
"153",153,1995,"Mo Vaughn","AL","BOS",308,12,4.3,140,550,98,165,39,126,11,68,0.3,0.388,0.575,0.963,NA,NA,NA,NA,NA,NA,NA,NA,NA,NA,NA,NA,"BOS",4.3,0.3,0.388,0.575,39,126,11,NA,NA,NA,NA,NA,NA,"Voting",FALSE
"154",154,1995,"Barry Larkin","NL","CIN",281,11,5.9,131,496,98,158,15,66,51,61,0.319,0.394,0.492,0.886,NA,NA,NA,NA,NA,NA,NA,NA,NA,NA,NA,NA,"CIN",5.9,0.319,0.394,0.492,15,66,51,NA,NA,NA,NA,NA,NA,"Voting",FALSE
"155",155,1996,"Juan González","AL","TEX",290,11,3.8,134,541,89,170,47,144,2,45,0.314,0.368,0.643,1.011,NA,NA,NA,NA,NA,NA,NA,NA,NA,NA,NA,NA,"TEX",3.8,0.314,0.368,0.643,47,144,2,NA,NA,NA,NA,NA,NA,"Voting",FALSE
"156",156,1996,"Ken Caminiti","NL","SDP",392,28,7.6,146,546,109,178,40,130,11,78,0.326,0.408,0.621,1.028,NA,NA,NA,NA,NA,NA,NA,NA,NA,NA,NA,NA,"SDP",7.6,0.326,0.408,0.621,40,130,11,NA,NA,NA,NA,NA,NA,"Voting",FALSE
"157",157,1997,"Ken Griffey Jr.","AL","SEA",392,28,9.1,157,608,125,185,56,147,15,76,0.304,0.382,0.646,1.028,NA,NA,NA,NA,NA,NA,NA,NA,NA,NA,NA,NA,"SEA",9.1,0.304,0.382,0.646,56,147,15,NA,NA,NA,NA,NA,NA,"Voting",FALSE
"158",158,1997,"Larry Walker","NL","COL",359,22,9.8,153,568,143,208,49,130,33,78,0.366,0.452,0.72,1.172,NA,NA,NA,NA,NA,NA,NA,NA,NA,NA,NA,NA,"COL",9.8,0.366,0.452,0.72,49,130,33,NA,NA,NA,NA,NA,NA,"Voting",FALSE
"159",159,1998,"Juan González","AL","TEX",357,21,4.9,154,606,110,193,45,157,2,46,0.318,0.366,0.63,0.997,NA,NA,NA,NA,NA,NA,NA,NA,NA,NA,NA,NA,"TEX",4.9,0.318,0.366,0.63,45,157,2,NA,NA,NA,NA,NA,NA,"Voting",FALSE
"160",160,1998,"Sammy Sosa","NL","CHC",438,30,6.5,159,643,134,198,66,158,18,73,0.308,0.377,0.647,1.024,NA,NA,NA,NA,NA,NA,NA,NA,NA,NA,NA,NA,"CHC",6.5,0.308,0.377,0.647,66,158,18,NA,NA,NA,NA,NA,NA,"Voting",FALSE
"161",161,1999,"Iván Rodríguez","AL","TEX",252,7,6.4,144,600,116,199,35,113,25,24,0.332,0.356,0.558,0.914,NA,NA,NA,NA,NA,NA,NA,NA,NA,NA,NA,NA,"TEX",6.4,0.332,0.356,0.558,35,113,25,NA,NA,NA,NA,NA,NA,"Voting",FALSE
"162",162,1999,"Chipper Jones","NL","ATL",432,29,6.9,157,567,116,181,45,110,25,126,0.319,0.441,0.633,1.074,NA,NA,NA,NA,NA,NA,NA,NA,NA,NA,NA,NA,"ATL",6.9,0.319,0.441,0.633,45,110,25,NA,NA,NA,NA,NA,NA,"Voting",FALSE
"163",163,2000,"Jason Giambi","AL","OAK",317,14,7.8,152,510,108,170,43,137,2,137,0.333,0.476,0.647,1.123,NA,NA,NA,NA,NA,NA,NA,NA,NA,NA,NA,NA,"OAK",7.8,0.333,0.476,0.647,43,137,2,NA,NA,NA,NA,NA,NA,"Voting",FALSE
"164",164,2000,"Jeff Kent","NL","SFG",392,22,7.2,159,587,114,196,33,125,12,90,0.334,0.424,0.596,1.021,NA,NA,NA,NA,NA,NA,NA,NA,NA,NA,NA,NA,"SFG",7.2,0.334,0.424,0.596,33,125,12,NA,NA,NA,NA,NA,NA,"Voting",FALSE
"165",165,2001,"Ichiro Suzuki","AL","SEA",289,11,7.7,157,692,127,242,8,69,56,30,0.35,0.381,0.457,0.838,NA,NA,NA,NA,NA,NA,NA,NA,NA,NA,NA,NA,"SEA",7.7,0.35,0.381,0.457,8,69,56,NA,NA,NA,NA,NA,NA,"Voting",FALSE
"166",166,2001,"Barry Bonds","NL","SFG",438,30,11.9,153,476,129,156,73,137,13,177,0.328,0.515,0.863,1.379,NA,NA,NA,NA,NA,NA,NA,NA,NA,NA,NA,NA,"SFG",11.9,0.328,0.515,0.863,73,137,13,NA,NA,NA,NA,NA,NA,"Voting",FALSE
"167",167,2002,"Miguel Tejada","AL","OAK",356,21,5.7,162,662,108,204,34,131,7,38,0.308,0.354,0.508,0.861,NA,NA,NA,NA,NA,NA,NA,NA,NA,NA,NA,NA,"OAK",5.7,0.308,0.354,0.508,34,131,7,NA,NA,NA,NA,NA,NA,"Voting",FALSE
"168",168,2002,"Barry Bonds","NL","SFG",448,32,11.8,143,403,117,149,46,110,9,198,0.37,0.582,0.799,1.381,NA,NA,NA,NA,NA,NA,NA,NA,NA,NA,NA,NA,"SFG",11.8,0.37,0.582,0.799,46,110,9,NA,NA,NA,NA,NA,NA,"Voting",FALSE
"169",169,2003,"Alex Rodriguez","AL","TEX",242,6,8.4,161,607,124,181,47,118,17,87,0.298,0.396,0.6,0.995,NA,NA,NA,NA,NA,NA,NA,NA,NA,NA,NA,NA,"TEX",8.4,0.298,0.396,0.6,47,118,17,NA,NA,NA,NA,NA,NA,"Voting",FALSE
"170",170,2003,"Barry Bonds","NL","SFG",426,28,9.2,130,390,111,133,45,90,7,148,0.341,0.529,0.749,1.278,NA,NA,NA,NA,NA,NA,NA,NA,NA,NA,NA,NA,"SFG",9.2,0.341,0.529,0.749,45,90,7,NA,NA,NA,NA,NA,NA,"Voting",FALSE
"171",171,2004,"Vladimir Guerrero","AL","ANA",354,21,5.6,156,612,124,206,39,126,15,52,0.337,0.391,0.598,0.989,NA,NA,NA,NA,NA,NA,NA,NA,NA,NA,NA,NA,"ANA",5.6,0.337,0.391,0.598,39,126,15,NA,NA,NA,NA,NA,NA,"Voting",FALSE
"172",172,2004,"Barry Bonds","NL","SFG",407,24,10.6,147,373,129,135,45,101,6,232,0.362,0.609,0.812,1.422,NA,NA,NA,NA,NA,NA,NA,NA,NA,NA,NA,NA,"SFG",10.6,0.362,0.609,0.812,45,101,6,NA,NA,NA,NA,NA,NA,"Voting",FALSE
"173",173,2005,"Alex Rodriguez","AL","NYY",331,16,9.4,162,605,124,194,48,130,21,91,0.321,0.421,0.61,1.031,NA,NA,NA,NA,NA,NA,NA,NA,NA,NA,NA,NA,"NYY",9.4,0.321,0.421,0.61,48,130,21,NA,NA,NA,NA,NA,NA,"Voting",FALSE
"174",174,2005,"Albert Pujols","NL","STL",378,18,8.4,161,591,129,195,41,117,16,97,0.33,0.43,0.609,1.039,NA,NA,NA,NA,NA,NA,NA,NA,NA,NA,NA,NA,"STL",8.4,0.33,0.43,0.609,41,117,16,NA,NA,NA,NA,NA,NA,"Voting",FALSE
"175",175,2006,"Justin Morneau","AL","MIN",320,15,4.3,157,592,97,190,34,130,3,53,0.321,0.375,0.559,0.934,NA,NA,NA,NA,NA,NA,NA,NA,NA,NA,NA,NA,"MIN",4.3,0.321,0.375,0.559,34,130,3,NA,NA,NA,NA,NA,NA,"Voting",FALSE
"176",176,2006,"Ryan Howard","NL","PHI",388,20,5.2,159,581,104,182,58,149,0,108,0.313,0.425,0.659,1.084,NA,NA,NA,NA,NA,NA,NA,NA,NA,NA,NA,NA,"PHI",5.2,0.313,0.425,0.659,58,149,0,NA,NA,NA,NA,NA,NA,"Voting",FALSE
"177",177,2007,"Alex Rodriguez","AL","NYY",382,26,9.4,158,583,143,183,54,156,24,95,0.314,0.422,0.645,1.067,NA,NA,NA,NA,NA,NA,NA,NA,NA,NA,NA,NA,"NYY",9.4,0.314,0.422,0.645,54,156,24,NA,NA,NA,NA,NA,NA,"Voting",FALSE
"178",178,2007,"Jimmy Rollins","NL","PHI",353,16,6.1,162,716,139,212,30,94,41,49,0.296,0.344,0.531,0.875,NA,NA,NA,NA,NA,NA,NA,NA,NA,NA,NA,NA,"PHI",6.1,0.296,0.344,0.531,30,94,41,NA,NA,NA,NA,NA,NA,"Voting",FALSE
"179",179,2008,"Dustin Pedroia","AL","BOS",317,16,7,157,653,118,213,17,83,20,50,0.326,0.376,0.493,0.869,NA,NA,NA,NA,NA,NA,NA,NA,NA,NA,NA,NA,"BOS",7,0.326,0.376,0.493,17,83,20,NA,NA,NA,NA,NA,NA,"Voting",FALSE
"180",180,2008,"Albert Pujols","NL","STL",369,18,9.2,148,524,100,187,37,116,7,104,0.357,0.462,0.653,1.114,NA,NA,NA,NA,NA,NA,NA,NA,NA,NA,NA,NA,"STL",9.2,0.357,0.462,0.653,37,116,7,NA,NA,NA,NA,NA,NA,"Voting",FALSE
"181",181,2009,"Joe Mauer","AL","MIN",387,27,7.8,138,523,94,191,28,96,4,76,0.365,0.444,0.587,1.031,NA,NA,NA,NA,NA,NA,NA,NA,NA,NA,NA,NA,"MIN",7.8,0.365,0.444,0.587,28,96,4,NA,NA,NA,NA,NA,NA,"Voting",FALSE
"182",182,2009,"Albert Pujols","NL","STL",448,32,9.7,160,568,124,186,47,135,16,115,0.327,0.443,0.658,1.101,NA,NA,NA,NA,NA,NA,NA,NA,NA,NA,NA,NA,"STL",9.7,0.327,0.443,0.658,47,135,16,NA,NA,NA,NA,NA,NA,"Voting",FALSE
"183",183,2010,"Josh Hamilton","AL","TEX",358,22,8.7,133,518,95,186,32,100,8,43,0.359,0.411,0.633,1.044,NA,NA,NA,NA,NA,NA,NA,NA,NA,NA,NA,NA,"TEX",8.7,0.359,0.411,0.633,32,100,8,NA,NA,NA,NA,NA,NA,"Voting",FALSE
"184",184,2010,"Joey Votto","NL","CIN",443,31,7,150,547,106,177,37,113,16,91,0.324,0.424,0.6,1.024,NA,NA,NA,NA,NA,NA,NA,NA,NA,NA,NA,NA,"CIN",7,0.324,0.424,0.6,37,113,16,NA,NA,NA,NA,NA,NA,"Voting",FALSE
"185",185,2011,"Justin Verlander","AL","DET",280,13,8.6,1,4,0,0,0,0,0,0,0,0,0,0,24,5,2.4,0.92,34,34,0,251,174,24,57,250,"DET",8.6,0,0,0,0,0,0,24,5,0,2.4,251,250,"Voting",TRUE
"186",186,2011,"Ryan Braun","NL","MIL",388,20,7.7,150,563,109,187,33,111,33,58,0.332,0.397,0.597,0.994,NA,NA,NA,NA,NA,NA,NA,NA,NA,NA,NA,NA,"MIL",7.7,0.332,0.397,0.597,33,111,33,NA,NA,NA,NA,NA,NA,"Voting",FALSE
"187",187,2012,"Miguel Cabrera","AL","DET",362,22,7.1,161,622,109,205,44,139,4,66,0.33,0.393,0.606,0.999,NA,NA,NA,NA,NA,NA,NA,NA,NA,NA,NA,NA,"DET",7.1,0.33,0.393,0.606,44,139,4,NA,NA,NA,NA,NA,NA,"Voting",FALSE
"188",188,2012,"Buster Posey","NL","SFG",422,27,7.6,148,530,78,178,24,103,1,69,0.336,0.408,0.549,0.957,NA,NA,NA,NA,NA,NA,NA,NA,NA,NA,NA,NA,"SFG",7.6,0.336,0.408,0.549,24,103,1,NA,NA,NA,NA,NA,NA,"Voting",FALSE
"189",189,2013,"Miguel Cabrera","AL","DET",385,23,7.5,148,555,103,193,44,137,3,90,0.348,0.442,0.636,1.078,NA,NA,NA,NA,NA,NA,NA,NA,NA,NA,NA,NA,"DET",7.5,0.348,0.442,0.636,44,137,3,NA,NA,NA,NA,NA,NA,"Voting",FALSE
"190",190,2013,"Andrew McCutchen","NL","PIT",409,28,7.8,157,583,97,185,21,84,27,78,0.317,0.404,0.508,0.911,NA,NA,NA,NA,NA,NA,NA,NA,NA,NA,NA,NA,"PIT",7.8,0.317,0.404,0.508,21,84,27,NA,NA,NA,NA,NA,NA,"Voting",FALSE
"191",191,2014,"Mike Trout","AL","LAA",420,30,7.7,157,602,115,173,36,111,16,83,0.287,0.377,0.561,0.939,NA,NA,NA,NA,NA,NA,NA,NA,NA,NA,NA,NA,"LAA",7.7,0.287,0.377,0.561,36,111,16,NA,NA,NA,NA,NA,NA,"Voting",FALSE
"192",192,2014,"Clayton Kershaw","NL","LAD",355,18,8.2,26,63,5,11,0,3,1,4,0.175,0.235,0.206,0.442,21,3,1.77,0.857,27,27,0,198.1,139,9,31,239,"LAD",8.2,0.175,0.235,0.206,0,3,1,21,3,0,1.77,198.1,239,"Voting",TRUE
"193",193,2015,"Josh Donaldson","AL","TOR",385,23,7.1,158,620,122,184,41,123,6,73,0.297,0.371,0.568,0.939,NA,NA,NA,NA,NA,NA,NA,NA,NA,NA,NA,NA,"TOR",7.1,0.297,0.371,0.568,41,123,6,NA,NA,NA,NA,NA,NA,"Voting",FALSE
"194",194,2015,"Bryce Harper","NL","WSN",420,30,9.7,153,521,118,172,42,99,6,124,0.33,0.46,0.649,1.109,NA,NA,NA,NA,NA,NA,NA,NA,NA,NA,NA,NA,"WSN",9.7,0.33,0.46,0.649,42,99,6,NA,NA,NA,NA,NA,NA,"Voting",FALSE
"195",195,2016,"Mike Trout","AL","LAA",356,19,10.5,159,549,123,173,29,100,30,116,0.315,0.441,0.55,0.991,NA,NA,NA,NA,NA,NA,NA,NA,NA,NA,NA,NA,"LAA",10.5,0.315,0.441,0.55,29,100,30,NA,NA,NA,NA,NA,NA,"Voting",FALSE
"196",196,2016,"Kris Bryant","NL","CHC",415,29,7.3,155,603,121,176,39,102,8,75,0.292,0.385,0.554,0.939,NA,NA,NA,NA,NA,NA,NA,NA,NA,NA,NA,NA,"CHC",7.3,0.292,0.385,0.554,39,102,8,NA,NA,NA,NA,NA,NA,"Voting",FALSE
"197",197,2017,"Jose Altuve","AL","HOU",405,27,7.7,153,590,112,204,24,81,32,58,0.346,0.41,0.547,0.957,NA,NA,NA,NA,NA,NA,NA,NA,NA,NA,NA,NA,"HOU",7.7,0.346,0.41,0.547,24,81,32,NA,NA,NA,NA,NA,NA,"Voting",FALSE
"198",198,2017,"Giancarlo Stanton","NL","MIA",302,10,7.9,159,597,123,168,59,132,2,85,0.281,0.376,0.631,1.007,NA,NA,NA,NA,NA,NA,NA,NA,NA,NA,NA,NA,"MIA",7.9,0.281,0.376,0.631,59,132,2,NA,NA,NA,NA,NA,NA,"Voting",FALSE
"199",199,2018,"Mookie Betts","AL","BOS",410,28,10.7,136,520,129,180,32,80,30,81,0.346,0.438,0.64,1.078,NA,NA,NA,NA,NA,NA,NA,NA,NA,NA,NA,NA,"BOS",10.7,0.346,0.438,0.64,32,80,30,NA,NA,NA,NA,NA,NA,"Voting",FALSE
"200",200,2018,"Christian Yelich","NL","MIL",415,29,7.3,147,574,118,187,36,110,22,68,0.326,0.402,0.598,1,NA,NA,NA,NA,NA,NA,NA,NA,NA,NA,NA,NA,"MIL",7.3,0.326,0.402,0.598,36,110,22,NA,NA,NA,NA,NA,NA,"Voting",FALSE
"201",201,2019,"Mike Trout","AL","LAA",355,17,7.9,134,470,110,137,45,104,11,110,0.291,0.438,0.645,1.083,NA,NA,NA,NA,NA,NA,NA,NA,NA,NA,NA,NA,"LAA",7.9,0.291,0.438,0.645,45,104,11,NA,NA,NA,NA,NA,NA,"Voting",FALSE
"202",202,2019,"Cody Bellinger","NL","LAD",362,19,8.6,156,558,121,170,47,115,15,95,0.305,0.406,0.629,1.035,NA,NA,NA,NA,NA,NA,NA,NA,NA,NA,NA,NA,"LAD",8.6,0.305,0.406,0.629,47,115,15,NA,NA,NA,NA,NA,NA,"Voting",FALSE
"203",203,2020,"José Abreu","AL","CHW",374,21,3,60,240,43,76,19,60,0,18,0.317,0.37,0.617,0.987,NA,NA,NA,NA,NA,NA,NA,NA,NA,NA,NA,NA,"CHW",3,0.317,0.37,0.617,19,60,0,NA,NA,NA,NA,NA,NA,"Voting",FALSE
"204",204,2020,"Freddie Freeman","NL","ATL",410,28,3.3,60,214,51,73,13,53,2,45,0.341,0.462,0.64,1.102,NA,NA,NA,NA,NA,NA,NA,NA,NA,NA,NA,NA,"ATL",3.3,0.341,0.462,0.64,13,53,2,NA,NA,NA,NA,NA,NA,"Voting",FALSE
"205",205,2021,"Shohei Ohtani","AL","LAA",420,30,8.9,155,537,103,138,46,100,26,96,0.257,0.372,0.592,0.965,9,2,3.18,1.09,23,23,0,130.1,98,15,44,156,"LAA",8.9,0.257,0.372,0.592,46,100,26,9,2,0,3.18,130.1,156,"Voting",TRUE
"206",206,2021,"Bryce Harper","NL","PHI",348,17,5.9,141,488,101,151,35,84,13,100,0.309,0.429,0.615,1.044,NA,NA,NA,NA,NA,NA,NA,NA,NA,NA,NA,NA,"PHI",5.9,0.309,0.429,0.615,35,84,13,NA,NA,NA,NA,NA,NA,"Voting",FALSE
"207",207,2022,"Aaron Judge","AL","NYY",410,28,10.5,157,570,133,177,62,131,16,111,0.311,0.425,0.686,1.111,NA,NA,NA,NA,NA,NA,NA,NA,NA,NA,NA,NA,"NYY",10.5,0.311,0.425,0.686,62,131,16,NA,NA,NA,NA,NA,NA,"Voting",FALSE
"208",208,2022,"Paul Goldschmidt","NL","STL",380,22,7.7,151,561,106,178,35,115,7,79,0.317,0.404,0.578,0.981,NA,NA,NA,NA,NA,NA,NA,NA,NA,NA,NA,NA,"STL",7.7,0.317,0.404,0.578,35,115,7,NA,NA,NA,NA,NA,NA,"Voting",FALSE
"209",209,2023,"Shohei Ohtani","AL","LAA",420,30,9.9,135,497,102,151,44,95,20,91,0.304,0.412,0.654,1.066,10,5,3.14,1.061,23,23,0,132,85,18,55,167,"LAA",9.9,0.304,0.412,0.654,44,95,20,10,5,0,3.14,132,167,"Voting",TRUE
"210",210,2023,"Ronald Acuña Jr.","NL","ATL",420,30,8.2,159,643,149,217,41,106,73,80,0.337,0.416,0.596,1.012,NA,NA,NA,NA,NA,NA,NA,NA,NA,NA,NA,NA,"ATL",8.2,0.337,0.416,0.596,41,106,73,NA,NA,NA,NA,NA,NA,"Voting",FALSE
